Wall Time,Step,Value
1771064888.49331,0,0.004999999888241291
1771064893.0145874,1,0.0
1771064922.6089165,2,0.01068181823939085
1771064950.8339293,3,0.0
1771064995.4904065,4,0.012347561307251453
1771065032.479379,5,0.011779379099607468
1771065066.0461571,6,0.0059523810632526875
1771065085.853973,7,0.012500000186264515
1771065130.6260347,8,0.05568994581699371
1771065176.4141924,9,0.04172932356595993
1771065221.1327255,10,0.06843548268079758
1771065260.2242153,11,0.06575630605220795
1771065305.579483,12,0.11155302822589874
1771065355.0403905,13,0.128166064620018
1771065409.1627743,14,0.2626468241214752
1771065459.694593,15,0.29439881443977356
1771065501.7892644,16,0.42349499464035034
1771065550.1690302,17,0.385934054851532
1771065589.7988853,18,0.5191452503204346
1771065635.586101,19,0.5558982491493225
1771065679.5456858,20,0.5996752977371216
1771065721.935765,21,0.6198592782020569
1771065767.1650927,22,0.6141668558120728
1771065809.9683137,23,0.808552622795105
1771065851.8020935,24,0.7305764555931091
1771065890.7109814,25,0.7747493982315063
1771065928.5661762,26,0.8301169872283936
1771065967.753288,27,0.7933270931243896
1771066007.6521263,28,0.8598684072494507
1771066033.9136324,29,0.8098683953285217
1771066087.3416326,30,0.8967105150222778
1771066139.4959383,31,0.9361842274665833
1771066196.770239,32,0.9312865734100342
1771066228.9137917,33,0.9098684191703796
1771066259.941034,34,0.8717105388641357
1771066296.3704877,35,0.9459064602851868
1771066331.634542,36,0.9195906519889832
1771066361.0770705,37,0.9472222328186035
1771066392.9065137,38,0.8925438523292542
1771066431.3756776,39,0.9209064245223999
1771066474.333088,40,0.9466374516487122
1771066513.946515,41,0.9736841917037964
1771066551.4813597,42,0.932748556137085
1771066589.8647015,43,0.9597952961921692
1771066636.406992,44,0.9590643048286438
1771066666.5035086,45,0.9618421196937561
1771066706.527735,46,1.0
1771066746.1988719,47,0.9736841917037964
1771066782.4344609,48,0.9459064602851868
1771066819.692214,49,0.9736841917037964
1771066865.3547223,50,0.9605262875556946
1771066907.6890273,51,0.9320175647735596
1771066945.6525526,52,1.0
1771066979.5276797,53,0.9459064602851868
1771067015.4843009,54,0.972953200340271
1771067048.9843135,55,0.9597952961921692
1771067079.328673,56,1.0
1771067111.474143,57,0.9590643048286438
1771067147.7603183,58,0.9868420958518982
1771067185.1921554,59,0.9861111044883728
1771067226.915373,60,0.9473684430122375
1771067267.7856193,61,0.9459064602851868
1771067303.5899994,62,0.9466374516487122
1771067340.1425276,63,0.9868420958518982
1771067379.7352972,64,0.9611111283302307
1771067422.7112951,65,0.9868420958518982
1771067461.960918,66,0.9722222089767456
1771067496.5879755,67,0.9736841917037964
1771067533.6404579,68,0.9736841917037964
1771067559.5014997,69,0.9861111044883728
1771067589.0204995,70,0.9861111044883728
1771067615.4807837,71,0.9736841917037964
1771067645.4383938,72,0.9722222089767456
1771067687.5057023,73,1.0
1771067719.9248796,74,1.0
1771067759.329465,75,0.972953200340271
1771067782.155204,76,0.972953200340271
1771067816.7813349,77,1.0
1771067834.6070569,78,1.0
1771067873.014915,79,1.0
1771067910.6681862,80,0.9605262875556946
1771067949.6655529,81,0.9597952961921692
1771067993.2209148,82,0.9722222089767456
1771068037.3887024,83,1.0
1771068081.309147,84,0.9459064602851868
1771068121.582117,85,0.972953200340271
1771068164.1487353,86,1.0
1771068206.665105,87,1.0
1771068245.579456,88,0.9466374516487122
1771068291.02896,89,1.0
1771068337.357991,90,1.0
1771068368.201439,91,0.9736841917037964
1771068392.3857725,92,1.0
1771068430.299055,93,0.9861111044883728
1771068471.3617795,94,0.9868420958518982
1771068509.1117525,95,1.0
1771068549.2023234,96,0.9868420958518982
1771068587.362843,97,0.9722222089767456
1771068625.921865,98,1.0
1771068668.9004447,99,1.0
1771068761.759174,100,0.0
1771068802.7052417,101,0.0
1771068846.861093,102,0.00926243606954813
1771068889.0547128,103,0.0
1771068931.952773,104,0.0
1771068972.5579295,105,0.0
1771069007.361439,106,0.004807692486792803
1771069044.939548,107,0.005319148767739534
1771069075.7023745,108,0.0
1771069108.208445,109,0.016925064846873283
1771069140.9745536,110,0.017250966280698776
1771069167.7612948,111,0.02064564637839794
1771069197.5388875,112,0.0473790317773819
1771069223.4713762,113,0.11784084141254425
1771069254.5202289,114,0.1621471792459488
1771069283.9046233,115,0.2409656047821045
1771069316.1776388,116,0.3247489035129547
1771069343.4406924,117,0.3187820613384247
1771069368.2604897,118,0.5227272510528564
1771069402.1515138,119,0.5502107739448547
1771069436.5983438,120,0.6691558361053467
1771069470.3623552,121,0.631234347820282
1771069510.6093414,122,0.8106725215911865
1771069547.0049133,123,0.8480263352394104
1771069582.9558752,124,0.8176169395446777
1771069619.1735027,125,0.8738095164299011
1771069647.4258113,126,0.8979532122612
1771069687.5029192,127,0.8266603946685791
1771069724.7912855,128,0.8815789222717285
1771069759.89542,129,0.972953200340271
1771069799.9013035,130,0.9354532361030579
1771069837.981281,131,0.9605262875556946
1771069875.9162683,132,0.9597952961921692
1771069915.5876572,133,0.972953200340271
1771069953.5236242,134,0.9736841917037964
1771069985.4162464,135,0.9868420958518982
1771070019.0822523,136,0.9861111044883728
1771070051.221078,137,0.9473684430122375
1771070084.8451352,138,0.9722222089767456
1771070122.6500838,139,0.9459064602851868
1771070158.4343781,140,1.0
1771070188.896591,141,0.972953200340271
1771070212.995663,142,0.9583333134651184
1771070256.7168632,143,0.9605262875556946
1771070289.5957055,144,0.9479532241821289
1771070332.911807,145,0.9347953200340271
1771070364.781781,146,1.0
1771070400.3793895,147,1.0
1771070433.9802463,148,1.0
1771070463.4358954,149,0.9736841917037964
1771070494.0031016,150,0.9590643048286438
1771070521.8761978,151,1.0
1771070549.9639938,152,1.0
1771070583.9590404,153,0.9861111044883728
1771070607.2311795,154,0.9861111044883728
1771070641.4966636,155,1.0
1771070668.6379316,156,0.9722222089767456
1771070704.8847914,157,0.9597952961921692
1771070732.6045175,158,1.0
1771070770.2377691,159,1.0
1771070803.5800524,160,0.9868420958518982
1771070837.866253,161,0.9868420958518982
1771070872.6456294,162,1.0
1771070899.48994,163,0.972953200340271
1771070937.9583068,164,0.9868420958518982
1771070979.536642,165,1.0
1771071016.1594262,166,0.9736841917037964
1771071054.7166297,167,1.0
1771071093.2371652,168,0.9861111044883728
1771071130.848886,169,1.0
1771071169.5969448,170,0.9868420958518982
1771071207.4569876,171,1.0
1771071250.8241377,172,1.0
1771071288.1462004,173,0.9868420958518982
1771071328.183356,174,0.972953200340271
1771071365.7525024,175,1.0
1771071404.3535888,176,0.9736841917037964
1771071443.760808,177,0.9868420958518982
1771071481.9754002,178,1.0
1771071521.194471,179,0.9861111044883728
1771071558.4634464,180,1.0
1771071593.0781133,181,0.9868420958518982
1771071627.0882778,182,1.0
1771071655.2775908,183,0.9868420958518982
1771071690.1714652,184,1.0
1771071726.7865884,185,0.9479532241821289
1771071767.8795576,186,0.9868420958518982
1771071805.4763694,187,1.0
1771071847.5493906,188,0.9868420958518982
1771071876.6351125,189,0.9861111044883728
1771071903.6105313,190,0.9861111044883728
1771071929.0651045,191,1.0
1771071952.0868158,192,1.0
1771071978.0679836,193,0.9861111044883728
1771071998.081072,194,1.0
1771072022.9122632,195,0.9861111044883728
1771072053.220999,196,1.0
1771072075.1068447,197,1.0
1771072104.4749331,198,0.9750000238418579
1771072127.8759987,199,0.9861111044883728
1771072185.7370539,200,0.09276589751243591
1771072220.6390162,201,0.06818182021379471
1771072246.8361127,202,0.11491487175226212
1771072275.477628,203,0.18465100228786469
1771072304.8307981,204,0.21306461095809937
1771072339.9287279,205,0.312054842710495
1771072371.6064467,206,0.5243452191352844
1771072403.2671423,207,0.5358079671859741
1771072438.7552998,208,0.640584409236908
1771072477.1808987,209,0.6313946843147278
1771072510.5232239,210,0.6808014512062073
1771072542.0793142,211,0.7771825194358826
1771072576.2507317,212,0.8419590592384338
1771072608.504445,213,0.8224955797195435
1771072642.4222429,214,0.8298444747924805
1771072679.4025705,215,0.8947368264198303
1771072706.5769334,216,0.8585526347160339
1771072739.7208014,217,0.8611111044883728
1771072773.9427948,218,0.9091374278068542
1771072811.4321582,219,0.9216374158859253
1771072855.1727166,220,0.9334795475006104
1771072896.1478066,221,0.9105263352394104
1771072934.5916023,222,0.9466374516487122
1771072971.8638403,223,0.9098684191703796
1771073007.391251,224,0.9312865734100342
1771073039.666189,225,0.932748556137085
1771073080.4059722,226,0.9361110925674438
1771073111.6415389,227,0.9605262875556946
1771073148.9928532,228,0.9861111044883728
1771073189.0370991,229,0.972953200340271
1771073219.2508395,230,0.9750000238418579
1771073245.567884,231,0.9473684430122375
1771073284.75833,232,0.9868420958518982
1771073320.6971364,233,0.9736841917037964
1771073347.0534766,234,0.9861111044883728
1771073374.0175219,235,1.0
1771073408.0944417,236,0.9868420958518982
1771073436.936532,237,0.9868420958518982
1771073466.1679006,238,1.0
1771073497.7970583,239,0.972953200340271
1771073523.189636,240,1.0
1771073558.2205162,241,0.9868420958518982
1771073592.1186326,242,1.0
1771073616.6796882,243,0.9736841917037964
1771073649.6651044,244,0.9861111044883728
1771073684.8598704,245,1.0
1771073719.8556519,246,0.9868420958518982
1771073749.3665192,247,0.9868420958518982
1771073775.7006207,248,1.0
1771073801.0509322,249,1.0
1771073837.1992369,250,1.0
1771073875.0166695,251,0.9597952961921692
1771073906.620054,252,0.9868420958518982
1771073945.0892832,253,1.0
1771073982.8712437,254,1.0
1771074019.2325735,255,1.0
1771074057.9180202,256,0.9736841917037964
1771074091.04271,257,0.9861111044883728
1771074126.545779,258,0.9736841917037964
1771074156.4740398,259,0.9861111044883728
1771074197.9081383,260,0.972953200340271
1771074237.2458081,261,1.0
1771074269.5506673,262,1.0
1771074303.3586903,263,0.9861111044883728
1771074332.8391783,264,1.0
1771074363.0853784,265,0.9868420958518982
1771074402.2246406,266,0.9861111044883728
1771074438.1752832,267,1.0
1771074474.9258027,268,1.0
1771074511.9428322,269,1.0
1771074554.6847599,270,0.9861111044883728
1771074585.0590909,271,1.0
1771074616.6432014,272,0.9868420958518982
1771074650.7412803,273,1.0
1771074682.8435981,274,1.0
1771074715.7936158,275,1.0
1771074750.5691571,276,1.0
1771074785.916302,277,0.9355263113975525
1771074815.0857034,278,0.9722222089767456
1771074840.140581,279,0.9868420958518982
1771074869.4410067,280,0.9868420958518982
1771074903.2174008,281,1.0
1771074926.1001928,282,1.0
1771074951.0788882,283,1.0
1771074982.7170222,284,1.0
1771075004.2252152,285,0.9868420958518982
1771075031.883797,286,1.0
1771075058.2112703,287,0.9868420958518982
1771075082.786851,288,0.9861111044883728
1771075116.7113993,289,0.9605262875556946
1771075153.5682456,290,0.9722222089767456
1771075176.9481895,291,1.0
1771075201.3624551,292,0.9624999761581421
1771075227.719436,293,1.0
1771075261.5261302,294,1.0
1771075285.308442,295,1.0
1771075320.0900645,296,0.9736841917037964
1771075350.927509,297,1.0
1771075385.6223476,298,0.9868420958518982
1771075415.61489,299,1.0
1771075474.9559348,300,0.00390625
1771075507.7818651,301,0.0
1771075539.200141,302,0.0
1771075576.4752648,303,0.0
1771075616.0364332,304,0.0
1771075649.1318579,305,0.0
1771075683.8110814,306,0.0
1771075718.3959653,307,0.0
1771075752.2395718,308,0.0
1771075790.6026824,309,0.0
1771075829.700768,310,0.0
1771075868.8882732,311,0.0
1771075904.1944396,312,0.0
1771075939.6463397,313,0.0
1771075976.9148097,314,0.0
1771076013.1391377,315,0.0
1771076047.946855,316,0.0
1771076086.5595222,317,0.0
1771076125.4040573,318,0.0
1771076157.2181115,319,0.0
1771076187.4432185,320,0.0
1771076224.3022504,321,0.0
1771076258.5782862,322,0.0
1771076290.4821498,323,0.0
1771076321.8783503,324,0.0
1771076347.4022317,325,0.0
1771076382.3410356,326,0.0
1771076404.4035912,327,0.0
1771076434.2347102,328,0.0
1771076468.0918603,329,0.0
1771076501.9228125,330,0.0
1771076532.390044,331,0.0
1771076565.0126138,332,0.0
1771076593.5013218,333,0.0
1771076622.9472218,334,0.0
1771076651.0571773,335,0.0
1771076681.3078902,336,0.0
1771076704.803953,337,0.0
1771076732.102016,338,0.0
1771076756.8177166,339,0.0
1771076783.904556,340,0.0
1771076808.9994318,341,0.0
1771076839.5326402,342,0.0
1771076863.0888333,343,0.0
1771076895.2468417,344,0.0
1771076923.0601616,345,0.0
1771076952.674419,346,0.0
1771076977.9029453,347,0.0
1771077008.7843907,348,0.0
1771077032.3933122,349,0.0
1771077060.4370613,350,0.0
1771077090.6950746,351,0.0
1771077116.8746498,352,0.0
1771077150.0874677,353,0.005434782709926367
1771077183.9074,354,0.0
1771077207.2151785,355,0.0
1771077240.6783938,356,0.010110294446349144
1771077267.8666985,357,0.0
1771077301.5204506,358,0.01805555634200573
1771077327.3594272,359,0.0573912188410759
1771077359.8013177,360,0.02506265603005886
1771077379.8376715,361,0.06954813003540039
1771077408.4925897,362,0.09083017706871033
1771077443.4992533,363,0.11393331736326218
1771077471.1855266,364,0.192714124917984
1771077500.579885,365,0.18464961647987366
1771077527.2194347,366,0.30923372507095337
1771077558.2257774,367,0.32641303539276123
1771077583.0776525,368,0.40175583958625793
1771077614.0480244,369,0.49723321199417114
1771077648.3206313,370,0.5265983939170837
1771077684.2124054,371,0.4905303120613098
1771077714.1229172,372,0.6288043260574341
1771077745.04856,373,0.7056499719619751
1771077784.041988,374,0.7556390762329102
1771077816.7785819,375,0.7258771657943726
1771077837.843245,376,0.8088972568511963
1771077868.4322896,377,0.7809523940086365
1771077898.469112,378,0.8120509386062622
1771077929.1670163,379,0.8960526585578918
1771077963.6208634,380,0.7871240377426147
1771077994.683285,381,0.8890977501869202
1771078029.7096183,382,0.9105263352394104
1771078068.8254836,383,0.9188596606254578
1771078106.6303341,384,0.9473684430122375
1771078138.0610094,385,0.9347222447395325
1771078164.3644688,386,0.8746762871742249
1771078196.8201754,387,0.9305555820465088
1771078228.4780765,388,0.9230263233184814
1771078258.8112438,389,0.8684210777282715
1771078291.3736732,390,0.9868420958518982
1771078321.9219005,391,0.9605262875556946
1771078354.2725158,392,0.932748556137085
1771078390.2123623,393,0.922953188419342
1771078428.795663,394,0.9590643048286438
1771078463.5695775,395,0.9605262875556946
1771078494.303729,396,0.9342105388641357
1771078528.0545166,397,0.9605262875556946
1771078564.5346754,398,0.972953200340271
1771078599.0580466,399,0.9597952961921692
1771078677.3607137,400,0.10133928805589676
1771078714.5629017,401,0.09803921729326248
1771078749.2553527,402,0.0833333358168602
1771078786.1003313,403,0.2552083432674408
1771078827.2249222,404,0.2764880955219269
1771078861.7193346,405,0.2239583283662796
1771078901.0292892,406,0.4397321343421936
1771078934.1232853,407,0.3499999940395355
1771078965.9020703,408,0.4833333194255829
1771078993.8260062,409,0.5114583373069763
1771079019.602477,410,0.6333333253860474
1771079046.613211,411,0.5958333611488342
1771079078.7398455,412,0.6964285969734192
1771079113.3270903,413,0.6773809790611267
1771079138.6306329,414,0.7803571224212646
1771079174.3692718,415,0.7851190567016602
1771079199.3156018,416,0.9154762029647827
1771079222.7225764,417,0.8642857074737549
1771079250.5008545,418,0.8997023701667786
1771079280.539663,419,0.8821428418159485
1771079313.5832253,420,0.8797619342803955
1771079336.149894,421,0.9476190209388733
1771079361.5736187,422,0.848809540271759
1771079387.0357695,423,0.9476190209388733
1771079425.6416123,424,0.9654762148857117
1771079452.8813324,425,0.913095235824585
1771079487.3836613,426,0.9321428537368774
1771079515.9006207,427,0.9285714030265808
1771079548.0068924,428,0.9166666865348816
1771079581.3347893,429,1.0
1771079619.0040083,430,0.9321428537368774
1771079646.5862937,431,0.9488095045089722
1771079677.0961514,432,0.9309523701667786
1771079705.4691174,433,0.9666666388511658
1771079740.110444,434,0.9821428656578064
1771079764.5689173,435,0.9321428537368774
1771079796.4858553,436,0.9333333373069763
1771079820.0997972,437,0.9476190209388733
1771079851.1156058,438,0.9476190209388733
1771079874.8557317,439,0.949999988079071
1771079907.8052332,440,0.9642857313156128
1771079943.2003534,441,1.0
1771079978.5296602,442,0.9642857313156128
1771080008.2555096,443,0.8976190686225891
1771080039.439316,444,0.9833333492279053
1771080068.062846,445,1.0
1771080105.5879889,446,0.9654762148857117
1771080145.1768863,447,1.0
1771080179.912225,448,0.9833333492279053
1771080215.482299,449,0.9666666388511658
1771080249.170275,450,0.9309523701667786
1771080277.8119662,451,0.9654762148857117
1771080306.473343,452,0.9833333492279053
1771080341.0773065,453,0.9642857313156128
1771080379.1470237,454,0.9142857193946838
1771080420.3040383,455,0.898809552192688
1771080455.9371197,456,1.0
1771080476.967894,457,0.9476190209388733
1771080513.892328,458,0.9833333492279053
1771080545.3622437,459,0.9833333492279053
1771080583.1719372,460,0.9464285969734192
1771080617.3476677,461,0.9821428656578064
1771080656.2933404,462,1.0
1771080684.6654503,463,0.9642857313156128
1771080719.1859455,464,0.9488095045089722
1771080752.739434,465,0.9654762148857117
1771080788.5701616,466,0.9821428656578064
1771080823.242073,467,0.9488095045089722
1771080855.0007844,468,0.9654762148857117
1771080893.5566595,469,1.0
1771080937.4713874,470,1.0
1771080971.8648684,471,0.9666666388511658
1771081011.1355808,472,1.0
1771081042.8875415,473,1.0
1771081083.3358054,474,0.9833333492279053
1771081121.698126,475,0.9833333492279053
1771081158.798097,476,0.9821428656578064
1771081192.5107234,477,0.9642857313156128
1771081227.4650383,478,0.9476190209388733
1771081264.7937262,479,1.0
1771081301.3086774,480,1.0
1771081334.8222976,481,0.9821428656578064
1771081373.9119825,482,1.0
1771081409.7293043,483,0.9833333492279053
1771081434.1226482,484,1.0
1771081455.604787,485,0.9642857313156128
1771081487.0892212,486,1.0
1771081518.5480785,487,1.0
1771081548.797066,488,0.9821428656578064
1771081581.2679436,489,1.0
1771081612.4012883,490,0.9833333492279053
1771081641.5163927,491,1.0
1771081671.6028533,492,0.9833333492279053
1771081698.898571,493,0.9833333492279053
1771081728.8410501,494,0.9654762148857117
1771081760.7670014,495,0.9833333492279053
1771081793.1549842,496,1.0
1771081827.2168057,497,1.0
1771081854.3891993,498,0.9821428656578064
1771081874.9993937,499,0.9642857313156128
1771081936.7156942,500,0.03690476343035698
1771081969.352012,501,0.03402014821767807
1771081998.6358335,502,0.0223214291036129
1771082031.586953,503,0.010416666977107525
1771082064.7634146,504,0.03333333507180214
1771082100.5696225,505,0.09808612614870071
1771082135.8760097,506,0.0788690447807312
1771082170.919032,507,0.13197650015354156
1771082209.2046573,508,0.12321428209543228
1771082248.759907,509,0.14290936291217804
1771082286.4458046,510,0.1984068602323532
1771082320.4326725,511,0.2229681760072708
1771082349.3341572,512,0.2801470458507538
1771082375.9828959,513,0.3655024468898773
1771082411.0720108,514,0.34692513942718506
1771082447.686945,515,0.47616422176361084
1771082479.4322863,516,0.4588332176208496
1771082515.1529725,517,0.5970588326454163
1771082540.9177303,518,0.5175244808197021
1771082562.2131352,519,0.5486111044883728
1771082593.974895,520,0.5721375942230225
1771082627.4308612,521,0.6310399174690247
1771082652.8653512,522,0.6192576885223389
1771082690.3542254,523,0.7875000238418579
1771082725.174527,524,0.5716911554336548
1771082759.5276604,525,0.8273809552192688
1771082788.841293,526,0.721875011920929
1771082814.7709875,527,0.7325893044471741
1771082845.7070355,528,0.8309524059295654
1771082875.5413268,529,0.8154761791229248
1771082899.930332,530,0.8440476059913635
1771082926.786542,531,0.8976190686225891
1771082954.601839,532,0.8309524059295654
1771082982.5852547,533,0.898809552192688
1771083015.1689594,534,0.8654761910438538
1771083044.6664028,535,0.8976190686225891
1771083061.6425107,536,0.9166666865348816
1771083089.9744306,537,0.8619047403335571
1771083121.2295024,538,0.949999988079071
1771083150.9701002,539,0.9107142686843872
1771083184.594633,540,0.8166666626930237
1771083215.3555245,541,0.8821428418159485
1771083246.8868856,542,0.9309523701667786
1771083270.1541975,543,0.9285714030265808
1771083298.1857162,544,0.8773809671401978
1771083325.7325933,545,0.9309523701667786
1771083352.2759318,546,0.9154762029647827
1771083385.5226753,547,0.9040178656578064
1771083413.10439,548,0.9476190209388733
1771083442.70635,549,0.9821428656578064
1771083475.149091,550,0.9666666388511658
1771083512.33975,551,0.9464285969734192
1771083535.363954,552,0.9166666865348816
1771083563.727588,553,0.9666666388511658
1771083595.2452064,554,0.9008928537368774
1771083627.3145943,555,0.9654762148857117
1771083651.9322407,556,0.9321428537368774
1771083677.1207755,557,0.9175595045089722
1771083710.374111,558,0.9833333492279053
1771083741.572555,559,0.9666666388511658
1771083773.223372,560,1.0
1771083801.5734537,561,0.9166666865348816
1771083825.286545,562,0.9654762148857117
1771083854.3087056,563,0.9464285969734192
1771083880.750713,564,0.9642857313156128
1771083910.1653323,565,0.9488095045089722
1771083936.9439406,566,0.9309523701667786
1771083971.902058,567,0.9666666388511658
1771084002.631719,568,0.9321428537368774
1771084033.6354425,569,0.9821428656578064
1771084067.1415982,570,0.9654762148857117
1771084100.2280438,571,0.9007440209388733
1771084132.8606017,572,0.9642857313156128
1771084155.2897382,573,1.0
1771084179.0077078,574,0.9119047522544861
1771084207.1148496,575,0.9833333492279053
1771084240.091773,576,0.9488095045089722
1771084268.0883224,577,0.9654762148857117
1771084300.2284896,578,0.9654762148857117
1771084331.2544434,579,1.0
1771084364.0426726,580,1.0
1771084393.6609979,581,0.9020833373069763
1771084422.7719398,582,1.0
1771084456.5450678,583,0.9833333492279053
1771084487.6753778,584,0.9642857313156128
1771084518.017006,585,1.0
1771084545.0621653,586,0.9464285969734192
1771084570.9301238,587,0.949999988079071
1771084601.599992,588,0.9821428656578064
1771084627.50309,589,0.9833333492279053
1771084657.9359102,590,0.9821428656578064
1771084687.6342454,591,0.9821428656578064
1771084706.2434757,592,0.9833333492279053
1771084733.8104408,593,0.9476190209388733
1771084763.7952561,594,0.9833333492279053
1771084794.3818874,595,1.0
1771084824.978136,596,1.0
1771084855.6423042,597,0.9821428656578064
1771084889.1735656,598,1.0
1771084919.20825,599,0.9642857313156128
1771084992.336668,600,0.11264821887016296
1771085029.0300353,601,0.03690476343035698
1771085062.4046679,602,0.07332643121480942
1771085094.9206352,603,0.15288220345973969
1771085131.7191966,604,0.16374269127845764
1771085164.9006839,605,0.12006578594446182
1771085194.2479305,606,0.20148226618766785
1771085225.6828833,607,0.24444444477558136
1771085256.6640573,608,0.3932017683982849
1771085288.386496,609,0.2723168134689331
1771085320.1282508,610,0.479044109582901
1771085354.2271547,611,0.40676063299179077
1771085385.9936802,612,0.559374988079071
1771085418.3646078,613,0.45506536960601807
1771085446.8594146,614,0.508169949054718
1771085475.5421886,615,0.6240808963775635
1771085514.7864788,616,0.638786792755127
1771085545.1483696,617,0.7114583253860474
1771085574.2889137,618,0.7471813559532166
1771085594.2725646,619,0.7669642567634583
1771085630.4733827,620,0.8552083373069763
1771085655.1288924,621,0.7413690686225891
1771085681.6185877,622,0.8052083253860474
1771085712.1763802,623,0.8531249761581421
1771085738.2943451,624,0.7970325350761414
1771085771.8845634,625,0.8828868865966797
1771085799.860498,626,0.8686012029647827
1771085834.8042743,627,0.8999999761581421
1771085863.740184,628,0.7797619104385376
1771085890.1770117,629,0.867559552192688
1771085917.0910459,630,0.8797619342803955
1771085942.125298,631,0.8666666746139526
1771085971.953317,632,0.9297618865966797
1771085993.5236833,633,0.8285714387893677
1771086013.1002786,634,0.9166666865348816
1771086045.5458708,635,0.9297618865966797
1771086077.6381843,636,0.8851190209388733
1771086110.3271637,637,0.9166666865348816
1771086136.8149369,638,0.9142857193946838
1771086164.4487667,639,0.9833333492279053
1771086188.3554637,640,0.913095235824585
1771086210.4943657,641,0.871874988079071
1771086236.3690484,642,0.9642857313156128
1771086267.0033042,643,0.9833333492279053
1771086295.0130222,644,0.9821428656578064
1771086323.075921,645,0.949999988079071
1771086350.8705099,646,0.9476190209388733
1771086377.4539251,647,0.8619047403335571
1771086400.5998752,648,0.9321428537368774
1771086426.6521387,649,0.9666666388511658
1771086458.4251482,650,0.9488095045089722
1771086487.1869571,651,0.9642857313156128
1771086516.820175,652,0.949999988079071
1771086543.57584,653,0.9142857193946838
1771086567.883371,654,0.9364583492279053
1771086596.5669112,655,0.913095235824585
1771086629.2665222,656,0.9833333492279053
1771086661.6823514,657,0.9666666388511658
1771086692.4319754,658,0.9821428656578064
1771086721.133739,659,0.9488095045089722
1771086748.6835709,660,0.9642857313156128
1771086774.7714312,661,1.0
1771086795.6402576,662,1.0
1771086816.93633,663,0.9654762148857117
1771086847.1928747,664,0.9642857313156128
1771086874.939738,665,1.0
1771086907.709953,666,0.9666666388511658
1771086937.8765585,667,1.0
1771086965.3915663,668,0.9642857313156128
1771086990.058298,669,0.9821428656578064
1771087019.8503137,670,0.9654762148857117
1771087050.900888,671,0.9821428656578064
1771087084.8354437,672,0.9821428656578064
1771087114.3451333,673,1.0
1771087148.2740564,674,0.9821428656578064
1771087183.371407,675,0.9666666388511658
1771087216.036557,676,0.9833333492279053
1771087243.8727763,677,0.9833333492279053
1771087260.5862303,678,0.9833333492279053
1771087284.8775682,679,0.9654762148857117
1771087318.1856437,680,0.9821428656578064
1771087344.3271227,681,0.9488095045089722
1771087375.1694894,682,0.9520833492279053
1771087405.051187,683,0.9821428656578064
1771087439.325796,684,0.9666666388511658
1771087472.110157,685,0.9833333492279053
1771087507.9075491,686,0.9654762148857117
1771087541.3516471,687,0.9654762148857117
1771087570.6014783,688,1.0
1771087597.8054845,689,1.0
1771087634.672155,690,1.0
1771087666.1249566,691,1.0
1771087700.336644,692,0.9833333492279053
1771087725.7579134,693,0.9476190209388733
1771087752.2981882,694,1.0
1771087783.9893873,695,1.0
1771087817.8810644,696,0.9654762148857117
1771087847.3593895,697,0.9821428656578064
1771087880.563116,698,0.9666666388511658
1771087913.6953602,699,0.9321428537368774
1771087969.7946115,700,0.0
1771088000.6759093,701,0.0
1771088035.557166,702,0.0
1771088073.4385736,703,0.0
1771088113.5125477,704,0.0
1771088149.7244887,705,0.0
1771088187.6811626,706,0.0
1771088219.6208909,707,0.0
1771088252.5327463,708,0.0
1771088280.3014462,709,0.0
1771088314.24805,710,0.0
1771088341.58435,711,0.0
1771088375.4901767,712,0.0
1771088407.4888797,713,0.0
1771088434.7574441,714,0.0
1771088465.5755265,715,0.0
1771088492.3512094,716,0.0
1771088518.418877,717,0.0
1771088550.1961234,718,0.0
1771088582.8742633,719,0.0
1771088614.5997267,720,0.0
1771088644.5576808,721,0.0
1771088667.7516437,722,0.0
1771088692.789196,723,0.0
1771088718.7365172,724,0.0
1771088752.0700762,725,0.0
1771088781.3574653,726,0.0
1771088805.6225429,727,0.0
1771088826.3615456,728,0.0
1771088852.3975167,729,0.0
1771088890.36302,730,0.0
1771088924.2014036,731,0.0
1771088953.9148998,732,0.0
1771088983.821538,733,0.0
1771089016.4720874,734,0.0
1771089049.8697426,735,0.0
1771089084.634059,736,0.0
1771089119.5157084,737,0.0
1771089147.1970475,738,0.0
1771089176.490287,739,0.0
1771089214.1174119,740,0.0
1771089247.3037655,741,0.0
1771089276.9070692,742,0.0
1771089305.8972032,743,0.0
1771089328.6936715,744,0.0
1771089350.7146292,745,0.0
1771089384.3577952,746,0.0
1771089416.1093607,747,0.0
1771089446.7734795,748,0.0
1771089479.4730844,749,0.0
1771089515.0209153,750,0.0
1771089543.5651236,751,0.0
1771089574.4807773,752,0.0
1771089600.1215332,753,0.0
1771089622.1523895,754,0.0
1771089642.3434293,755,0.0
1771089676.8262858,756,0.0
1771089708.0256796,757,0.0
1771089744.648817,758,0.0
1771089781.9064345,759,0.0
1771089818.2971368,760,0.0
1771089852.4039748,761,0.0
1771089882.7006102,762,0.0
1771089910.623311,763,0.0
1771089937.6141267,764,0.0
1771089959.8764703,765,0.0
1771089985.930329,766,0.0
1771090013.9683628,767,0.0
1771090042.8556626,768,0.0
1771090070.3295352,769,0.0
1771090101.7393405,770,0.00657894741743803
1771090127.2857375,771,0.0
1771090147.57194,772,0.0
1771090171.6067705,773,0.0
1771090202.4294972,774,0.0
1771090238.335395,775,0.0
1771090270.2435033,776,0.0
1771090290.650339,777,0.0
1771090317.3355293,778,0.0
1771090342.316267,779,0.0
1771090374.336639,780,0.0
1771090404.7971442,781,0.0
1771090434.964267,782,0.0
1771090464.3767352,783,0.0
1771090496.1163836,784,0.0
1771090523.4064438,785,0.0
1771090553.0522673,786,0.0
1771090580.2276394,787,0.0
1771090600.5810795,788,0.0
1771090626.3997886,789,0.0
1771090655.701207,790,0.0
1771090681.5110717,791,0.0
1771090712.0758116,792,0.0
1771090748.6267195,793,0.0
1771090776.4932754,794,0.0
1771090808.5721765,795,0.0
1771090838.3420837,796,0.0
1771090862.3611279,797,0.0
1771090887.21641,798,0.0
1771090913.9317083,799,0.0
1771090975.09355,800,0.09775640815496445
1771091000.9321141,801,0.15155677497386932
1771091023.511817,802,0.07692307978868484
1771091050.7161305,803,0.09615384787321091
1771091080.531292,804,0.3017399311065674
1771091114.0244849,805,0.4069055914878845
1771091141.2584827,806,0.3205128312110901
1771091175.7267425,807,0.1785714328289032
1771091203.6141121,808,0.34684064984321594
1771091233.1366963,809,0.5801281929016113
1771091259.6902068,810,0.4503205120563507
1771091290.3016012,811,0.6955128312110901
1771091324.8160272,812,0.6378205418586731
1771091354.8453794,813,0.5304487347602844
1771091384.5121114,814,0.6634615659713745
1771091416.5513878,815,0.810606062412262
1771091449.0967026,816,0.7804487347602844
1771091480.0048842,817,0.7282925248146057
1771091502.364517,818,0.7580128312110901
1771091521.982959,819,0.8157051205635071
1771091551.8814247,820,0.7580128312110901
1771091576.1230454,821,0.8541666865348816
1771091605.6078868,822,0.9375
1771091641.8294349,823,0.8589743375778198
1771091671.4014456,824,0.8920454382896423
1771091691.1849976,825,0.8968531489372253
1771091715.0257125,826,0.8589743375778198
1771091750.2871606,827,0.9147727489471436
1771091780.300243,828,0.9182692170143127
1771091808.5536573,829,0.9166666865348816
1771091838.7233665,830,0.9128788113594055
1771091857.8705077,831,0.9182692170143127
1771091888.2746727,832,0.9583333134651184
1771091924.57037,833,0.9166666865348816
1771091953.8837516,834,0.9166666865348816
1771091984.9782476,835,1.0
1771092016.7970636,836,1.0
1771092035.7010033,837,0.9583333134651184
1771092056.1446686,838,0.9375
1771092092.8881607,839,0.9375
1771092128.6065333,840,0.875
1771092156.877491,841,0.9166666865348816
1771092190.5905626,842,0.9391025900840759
1771092218.2730489,843,0.9772727489471436
1771092238.0237796,844,0.9615384340286255
1771092263.040085,845,0.9166666865348816
1771092292.2909412,846,0.9772727489471436
1771092331.94397,847,0.9182692170143127
1771092362.320042,848,0.9375
1771092394.4366236,849,0.9583333134651184
1771092410.4879856,850,1.0
1771092450.2406123,851,0.9583333134651184
1771092483.313696,852,0.9564393758773804
1771092515.61192,853,0.9198718070983887
1771092545.648807,854,0.9791666865348816
1771092577.136956,855,0.9791666865348816
1771092604.9710402,856,0.9791666865348816
1771092629.1298096,857,0.9791666865348816
1771092656.0946634,858,0.9375
1771092684.195561,859,1.0
1771092712.7240317,860,0.9022436141967773
1771092749.7279847,861,0.9166666865348816
1771092783.0051458,862,0.9583333134651184
1771092810.2392402,863,0.9166666865348816
1771092841.9710329,864,0.9583333134651184
1771092867.3422823,865,0.9583333134651184
1771092892.6400418,866,0.9583333134651184
1771092925.1653306,867,0.9583333134651184
1771092956.364544,868,0.9791666865348816
1771092982.706358,869,0.9375
1771093007.0678766,870,0.9791666865348816
1771093037.8184795,871,0.9599359035491943
1771093065.5289156,872,0.9375
1771093094.5026648,873,0.9583333134651184
1771093118.1629248,874,0.9580419659614563
1771093146.288679,875,0.9599359035491943
1771093171.4785283,876,0.8920454382896423
1771093201.59364,877,0.9791666865348816
1771093231.6032073,878,0.9128788113594055
1771093258.5842435,879,0.9791666865348816
1771093284.8664098,880,0.9791666865348816
1771093314.175998,881,1.0
1771093343.8015797,882,0.9791666865348816
1771093373.5817714,883,0.9791666865348816
1771093403.4156442,884,0.9791666865348816
1771093429.4835074,885,0.9580419659614563
1771093465.8082924,886,1.0
1771093496.656603,887,1.0
1771093506.8969388,888,0.9791666865348816
1771093537.2012458,889,0.935606062412262
1771093568.200927,890,0.9791666865348816
1771093595.1713128,891,0.9791666865348816
1771093625.8906996,892,0.9791666865348816
1771093650.614225,893,0.9615384340286255
1771093677.845237,894,0.9791666865348816
1771093705.334745,895,0.9791666865348816
1771093736.1518173,896,0.9147727489471436
1771093770.3370113,897,0.9791666865348816
1771093796.6658921,898,1.0
1771093828.6324224,899,1.0
1771093903.9090998,900,0.01666666753590107
1771093939.2641811,901,0.02878289483487606
1771093971.1241639,902,0.01315789483487606
1771094007.5711386,903,0.05756578966975212
1771094045.4587889,904,0.0773809552192688
1771094081.13969,905,0.08690476417541504
1771094108.4724557,906,0.08881578594446182
1771094137.2795622,907,0.11715686321258545
1771094165.9493182,908,0.1215277761220932
1771094196.9299912,909,0.23670895397663116
1771094231.2401867,910,0.2920040488243103
1771094257.8522635,911,0.1623949557542801
1771094284.6277337,912,0.28883928060531616
1771094314.8184412,913,0.32765838503837585
1771094341.0481315,914,0.4028846025466919
1771094368.4418685,915,0.2805429995059967
1771094398.3007429,916,0.4583333432674408
1771094431.8175704,917,0.42247024178504944
1771094459.7346072,918,0.4910714328289032
1771094495.6805112,919,0.6215659379959106
1771094526.4223945,920,0.7628205418586731
1771094551.2984438,921,0.5248168706893921
1771094568.883586,922,0.6842948794364929
1771094597.8088458,923,0.5773237347602844
1771094624.5149338,924,0.7187812328338623
1771094656.6400635,925,0.6153846383094788
1771094685.3966599,926,0.8551864624023438
1771094717.9973502,927,0.6465201377868652
1771094744.0579948,928,0.7596153616905212
1771094778.8139112,929,0.7471902966499329
1771094808.7716541,930,0.7067099809646606
1771094835.7112763,931,0.7564102411270142
1771094864.132086,932,0.7696886658668518
1771094890.7116053,933,0.6689560413360596
1771094921.4023888,934,0.8522727489471436
1771094957.3497787,935,0.8044871687889099
1771094986.411098,936,0.7942890524864197
1771095017.4615498,937,0.9583333134651184
1771095048.8873577,938,0.8125
1771095080.5830755,939,0.7163461446762085
1771095116.5708883,940,0.8237179517745972
1771095148.642221,941,0.8362470865249634
1771095172.5741663,942,0.817307710647583
1771095205.7587874,943,0.9166666865348816
1771095233.8497162,944,0.8589743375778198
1771095260.9697144,945,0.8397436141967773
1771095294.9536753,946,0.8202214241027832
1771095326.0732784,947,0.8958333134651184
1771095351.1409063,948,0.8782051205635071
1771095383.8743243,949,0.9198718070983887
1771095416.5744202,950,0.8958333134651184
1771095442.7162056,951,0.8170163035392761
1771095462.825437,952,0.9006410241127014
1771095491.035888,953,0.9147727489471436
1771095516.9344535,954,0.8378496766090393
1771095545.2273867,955,0.9407051205635071
1771095578.2642295,956,0.9198718070983887
1771095608.0987973,957,0.8766025900840759
1771095641.8489335,958,0.9583333134651184
1771095680.1173017,959,0.9391025900840759
1771095718.5002522,960,0.9583333134651184
1771095748.1743543,961,0.9407051205635071
1771095773.766843,962,0.8586829900741577
1771095796.9947598,963,0.9375
1771095829.3058424,964,0.9226190447807312
1771095861.2061868,965,0.9375
1771095891.9144037,966,0.8971444964408875
1771095925.0200717,967,0.9375
1771095959.685048,968,0.8359557390213013
1771095993.7910407,969,0.9583333134651184
1771096035.3491435,970,0.9166666865348816
1771096067.8461978,971,0.9375
1771096093.984762,972,0.9407051205635071
1771096123.2077513,973,0.9407051205635071
1771096152.9376926,974,0.8958333134651184
1771096180.9707127,975,0.9564393758773804
1771096203.118505,976,0.9583333134651184
1771096234.3620212,977,0.9583333134651184
1771096265.475267,978,0.9583333134651184
1771096297.2352126,979,0.9791666865348816
1771096334.3331623,980,0.9375
1771096364.3417792,981,0.9583333134651184
1771096395.9519987,982,0.9128788113594055
1771096430.2526126,983,0.9615384340286255
1771096461.3899143,984,0.9375
1771096494.5284941,985,0.9564393758773804
1771096529.9695644,986,0.8974359035491943
1771096565.7248507,987,0.9375
1771096600.7832747,988,0.9599359035491943
1771096633.4868767,989,0.9583333134651184
1771096671.3155012,990,1.0
1771096693.2191718,991,1.0
1771096731.2240689,992,0.935606062412262
1771096764.300923,993,0.9807692170143127
1771096795.509777,994,0.935606062412262
1771096820.2502928,995,1.0
1771096845.5997994,996,1.0
1771096874.512773,997,0.9580419659614563
1771096905.3581762,998,0.9791666865348816
1771096937.2714784,999,0.9583333134651184
1771097004.5584884,1000,0.03333333507180214
1771097033.2626941,1001,0.014705882407724857
1771097062.468296,1002,0.013888888992369175
1771097097.0900888,1003,0.013888888992369175
1771097134.6901028,1004,0.0
1771097168.4957986,1005,0.0
1771097205.3950212,1006,0.0364583320915699
1771097237.7918365,1007,0.0
1771097265.0099866,1008,0.01315789483487606
1771097289.462385,1009,0.02604166604578495
1771097318.0362563,1010,0.027205882593989372
1771097349.1876962,1011,0.0313725508749485
1771097387.1948075,1012,0.011904762126505375
1771097421.5670116,1013,0.0
1771097456.3329654,1014,0.04374999925494194
1771097491.6793108,1015,0.01315789483487606
1771097519.8015306,1016,0.01315789483487606
1771097538.0397434,1017,0.03630952537059784
1771097567.9092193,1018,0.021739130839705467
1771097604.1500978,1019,0.010869565419852734
1771097637.7567525,1020,0.012500000186264515
1771097669.803003,1021,0.0
1771097705.0196428,1022,0.02812499925494194
1771097738.5862243,1023,0.010416666977107525
1771097766.3582962,1024,0.012500000186264515
1771097787.0396252,1025,0.0
1771097812.3310118,1026,0.01315789483487606
1771097843.0152695,1027,0.012500000186264515
1771097880.6206799,1028,0.010416666977107525
1771097915.0953586,1029,0.011904762126505375
1771097948.1885846,1030,0.009999999776482582
1771097972.6549065,1031,0.009259259328246117
1771097991.9463735,1032,0.05606060475111008
1771098023.067909,1033,0.06439393758773804
1771098047.7546716,1034,0.05050504952669144
1771098084.6244094,1035,0.026610644534230232
1771098109.0331504,1036,0.08610241115093231
1771098135.1579936,1037,0.05637254938483238
1771098167.0686529,1038,0.15338915586471558
1771098198.4183357,1039,0.09265581518411636
1771098227.6739662,1040,0.171875
1771098260.3817825,1041,0.23979924619197845
1771098292.1282911,1042,0.2005160003900528
1771098320.2029736,1043,0.2593483030796051
1771098344.176235,1044,0.33337709307670593
1771098381.0370603,1045,0.29989033937454224
1771098409.7889495,1046,0.377494752407074
1771098441.6605575,1047,0.46426281332969666
1771098472.9875307,1048,0.42124542593955994
1771098500.2664561,1049,0.48878204822540283
1771098533.1072466,1050,0.5769230723381042
1771098556.5995812,1051,0.42098215222358704
1771098588.754465,1052,0.6404429078102112
1771098614.3225336,1053,0.5109890103340149
1771098639.8524268,1054,0.45476189255714417
1771098678.8155067,1055,0.557692289352417
1771098710.455442,1056,0.5012820363044739
1771098743.025167,1057,0.6410256624221802
1771098774.6846175,1058,0.7083333134651184
1771098804.8073354,1059,0.7067307829856873
1771098834.3675277,1060,0.6959707140922546
1771098861.5064268,1061,0.7010489702224731
1771098896.585259,1062,0.7918956279754639
1771098927.808469,1063,0.7003205418586731
1771098956.3611574,1064,0.7596153616905212
1771098985.7190108,1065,0.7147852182388306
1771099011.6145527,1066,0.7964743375778198
1771099041.169136,1067,0.7243589758872986
1771099067.0997891,1068,0.8176407217979431
1771099099.955199,1069,0.8461538553237915
1771099136.601106,1070,0.8554778695106506
1771099167.2930214,1071,0.75
1771099197.7680826,1072,0.8958333134651184
1771099224.9376383,1073,0.8394522070884705
1771099248.4130054,1074,0.732600748538971
1771099279.8960702,1075,0.8125
1771099313.834958,1076,0.7610930800437927
1771099352.0733473,1077,0.8766025900840759
1771099389.1819162,1078,0.8189102411270142
1771099420.0041192,1079,0.7942890524864197
1771099446.6017811,1080,0.8958333134651184
1771099468.9743214,1081,0.8012820482254028
1771099495.0772102,1082,0.8333333134651184
1771099527.8023865,1083,0.9230769276618958
1771099560.0619998,1084,0.8314393758773804
1771099593.5190208,1085,0.8541666865348816
1771099624.4011588,1086,0.8653846383094788
1771099656.626453,1087,0.9407051205635071
1771099676.811309,1088,0.9147727489471436
1771099702.8956735,1089,0.8445512652397156
1771099742.2831657,1090,0.9791666865348816
1771099774.2456245,1091,0.9375
1771099807.9693868,1092,0.9583333134651184
1771099839.825344,1093,0.8519813418388367
1771099876.0556211,1094,0.9375
1771099910.0984545,1095,0.9583333134651184
1771099939.7867892,1096,0.9564393758773804
1771099975.0736423,1097,0.8349359035491943
1771100006.3913121,1098,0.9564393758773804
1771100037.1702294,1099,0.9166666865348816
1771100106.9954212,1100,0.0
1771100141.9120731,1101,0.0
1771100174.2702239,1102,0.0
1771100210.629258,1103,0.0
1771100248.8215923,1104,0.0
1771100281.5045545,1105,0.0
1771100309.9318562,1106,0.0
1771100330.7353299,1107,0.0
1771100361.4700797,1108,0.0
1771100395.8320303,1109,0.0
1771100428.6810765,1110,0.0
1771100459.2554946,1111,0.0
1771100494.9338312,1112,0.0
1771100526.6493464,1113,0.0
1771100547.3741915,1114,0.0
1771100575.2220058,1115,0.0
1771100608.8696296,1116,0.0
1771100639.5188646,1117,0.0
1771100675.6855242,1118,0.0
1771100711.7746453,1119,0.0
1771100739.9594944,1120,0.0
1771100774.1867754,1121,0.0
1771100803.32112,1122,0.0
1771100835.8146908,1123,0.0
1771100869.1006434,1124,0.0
1771100893.1721337,1125,0.0
1771100921.2863424,1126,0.0
1771100958.0309486,1127,0.0
1771100982.4678152,1128,0.0
1771101015.8110456,1129,0.0
1771101050.59375,1130,0.0
1771101081.791991,1131,0.0
1771101116.8354962,1132,0.0
1771101145.0957882,1133,0.0
1771101170.7244718,1134,0.0
1771101198.4397702,1135,0.0
1771101239.3094149,1136,0.0
1771101280.0525193,1137,0.0
1771101315.3681283,1138,0.0
1771101347.9790142,1139,0.0
1771101383.3406312,1140,0.0
1771101414.3850877,1141,0.0
1771101444.404227,1142,0.0
1771101478.0093176,1143,0.0
1771101498.094611,1144,0.0
1771101521.5587294,1145,0.0
1771101547.935087,1146,0.0
1771101578.8485634,1147,0.0
1771101606.8686104,1148,0.0
1771101636.395805,1149,0.0
1771101672.5821626,1150,0.0
1771101696.5590923,1151,0.0
1771101728.078841,1152,0.0
1771101756.6021564,1153,0.0
1771101794.704253,1154,0.0
1771101828.4105644,1155,0.0
1771101852.6128907,1156,0.0
1771101890.646265,1157,0.0
1771101919.8580587,1158,0.0
1771101950.221623,1159,0.0
1771101994.6355886,1160,0.0
1771102024.9791586,1161,0.0
1771102052.0261347,1162,0.0
1771102082.774958,1163,0.0
1771102117.577511,1164,0.0
1771102150.868803,1165,0.0
1771102185.6469758,1166,0.0
1771102217.7284603,1167,0.0
1771102251.03806,1168,0.0
1771102289.1889822,1169,0.0
1771102334.9110403,1170,0.0
1771102367.4330754,1171,0.0
1771102399.1395962,1172,0.0
1771102435.254136,1173,0.0
1771102472.4849977,1174,0.0
1771102501.9044082,1175,0.0
1771102532.7027853,1176,0.0
1771102567.2485194,1177,0.0
1771102605.6515784,1178,0.0
1771102636.7881405,1179,0.0
1771102672.5299451,1180,0.0
1771102708.995931,1181,0.0
1771102738.625752,1182,0.006410256493836641
1771102773.874562,1183,0.0
1771102807.887248,1184,0.0
1771102844.4530337,1185,0.0
1771102861.4306123,1186,0.0
1771102887.3861725,1187,0.0
1771102921.6272252,1188,0.0
1771102955.9929812,1189,0.0
1771102982.8206947,1190,0.008064515888690948
1771103003.9310477,1191,0.0
1771103041.670039,1192,0.0
1771103075.841357,1193,0.0
1771103108.617908,1194,0.0
1771103150.2051551,1195,0.0147569440305233
1771103193.4788144,1196,0.0
1771103237.5995681,1197,0.0
1771103271.3244927,1198,0.0078125
1771103304.3501408,1199,0.0
1771103384.9089952,1200,0.0
1771103421.1714425,1201,0.0
1771103460.1869516,1202,0.0
1771103492.9145584,1203,0.0
1771103517.9341342,1204,0.0
1771103537.581905,1205,0.04583333432674408
1771103569.8125415,1206,0.06628787517547607
1771103604.8523426,1207,0.0
1771103638.2075374,1208,0.06089743599295616
1771103671.664939,1209,0.06558441370725632
1771103711.0129151,1210,0.022727273404598236
1771103744.0951536,1211,0.10664335638284683
1771103778.5451758,1212,0.0416666679084301
1771103815.2974048,1213,0.08618880808353424
1771103845.0293477,1214,0.08712121099233627
1771103866.4200175,1215,0.1143939420580864
1771103893.515445,1216,0.06818182021379471
1771103923.2398517,1217,0.11363636702299118
1771103962.301999,1218,0.16885198652744293
1771104004.0093873,1219,0.2034090906381607
1771104042.8620372,1220,0.19216200709342957
1771104077.3519592,1221,0.3333333432674408
1771104108.8036325,1222,0.4102272689342499
1771104142.5526006,1223,0.42424243688583374
1771104164.5267818,1224,0.521212100982666
1771104188.2677834,1225,0.6136363744735718
1771104222.0541186,1226,0.5752525329589844
1771104256.2978168,1227,0.5545454621315002
1771104290.804473,1228,0.625
1771104327.5457408,1229,0.7272727489471436
1771104364.6169364,1230,0.5840908885002136
1771104405.997717,1231,0.6685606241226196
1771104442.8496094,1232,0.6795454621315002
1771104483.9027588,1233,0.7090908885002136
1771104525.5501175,1234,0.7363636493682861
1771104562.823129,1235,0.875
1771104595.5622578,1236,0.7702991366386414
1771104627.611403,1237,0.7805555462837219
1771104664.4949245,1238,0.8500000238418579
1771104693.2144544,1239,0.7526515126228333
1771104713.3334522,1240,0.7363636493682861
1771104743.8424294,1241,0.7507575750350952
1771104781.2107859,1242,0.824999988079071
1771104816.0584104,1243,0.8500000238418579
1771104845.901251,1244,0.8340908885002136
1771104864.5000765,1245,0.949999988079071
1771104894.5459273,1246,0.8767676949501038
1771104930.3281035,1247,0.821212112903595
1771104959.5814922,1248,0.8689393997192383
1771104991.064533,1249,0.894444465637207
1771105020.7369113,1250,0.8795454502105713
1771105042.7619884,1251,0.831818163394928
1771105079.4552934,1252,0.925000011920929
1771105112.5850348,1253,0.925000011920929
1771105146.3673306,1254,0.8272727131843567
1771105175.0853834,1255,0.9267676472663879
1771105212.621421,1256,0.925000011920929
1771105246.2495024,1257,0.8818181753158569
1771105283.774873,1258,0.8522727489471436
1771105312.375594,1259,0.8999999761581421
1771105338.8453128,1260,0.925000011920929
1771105368.76067,1261,0.925000011920929
1771105408.3157964,1262,0.949999988079071
1771105443.1738505,1263,0.9022727012634277
1771105479.2759113,1264,0.9750000238418579
1771105515.921518,1265,0.8666666746139526
1771105554.046271,1266,0.9772727489471436
1771105583.8450575,1267,0.875
1771105619.9204702,1268,0.9068182110786438
1771105655.25732,1269,0.949999988079071
1771105688.861274,1270,0.9295454621315002
1771105720.753279,1271,0.8999999761581421
1771105742.1673224,1272,0.949999988079071
1771105774.2160854,1273,0.949999988079071
1771105804.2262077,1274,0.9045454263687134
1771105839.8175893,1275,0.9472222328186035
1771105870.7435546,1276,0.925000011920929
1771105906.9472878,1277,0.9522727131843567
1771105940.52647,1278,0.8795454502105713
1771105971.3991535,1279,0.9750000238418579
1771106010.22175,1280,0.8818181753158569
1771106046.1722353,1281,0.9750000238418579
1771106076.239315,1282,1.0
1771106109.8104126,1283,0.9222221970558167
1771106131.3399863,1284,0.8613636493682861
1771106163.458603,1285,0.949999988079071
1771106192.6406634,1286,0.949999988079071
1771106225.2622986,1287,0.9295454621315002
1771106258.555112,1288,0.9750000238418579
1771106292.5700366,1289,0.9045454263687134
1771106328.2397988,1290,0.894444465637207
1771106359.7735019,1291,0.9750000238418579
1771106393.2388756,1292,0.9750000238418579
1771106425.352068,1293,1.0
1771106463.3359919,1294,0.925000011920929
1771106496.5712452,1295,0.9750000238418579
1771106525.1824272,1296,0.9750000238418579
1771106557.23603,1297,0.9244949221611023
1771106595.830709,1298,0.9750000238418579
1771106637.2449353,1299,1.0
1771106703.1628604,1300,0.07057005167007446
1771106731.4042783,1301,0.08743315190076828
1771106760.8120012,1302,0.03333333507180214
1771106794.9745243,1303,0.07298535108566284
1771106831.4555023,1304,0.17558170855045319
1771106864.960051,1305,0.17015796899795532
1771106901.081561,1306,0.1934065967798233
1771106936.3979867,1307,0.1884157508611679
1771106970.6858978,1308,0.31206294894218445
1771106992.6212714,1309,0.32602813839912415
1771107026.7419763,1310,0.3381410241127014
1771107057.9223714,1311,0.364393949508667
1771107086.6772146,1312,0.4842657446861267
1771107124.0505173,1313,0.39438340067863464
1771107155.8795412,1314,0.4714285731315613
1771107183.2857623,1315,0.495775043964386
1771107215.2487926,1316,0.5587121248245239
1771107244.035881,1317,0.5821969509124756
1771107273.3628,1318,0.6390151381492615
1771107302.372886,1319,0.4503205120563507
1771107335.5345776,1320,0.6477272510528564
1771107368.3970802,1321,0.5279720425605774
1771107391.2614975,1322,0.5469114184379578
1771107417.598771,1323,0.6194444298744202
1771107449.1937246,1324,0.654924213886261
1771107477.3007739,1325,0.7178030014038086
1771107512.4310765,1326,0.7181817889213562
1771107533.3156755,1327,0.800000011920929
1771107562.4807525,1328,0.7636363506317139
1771107599.2987957,1329,0.5496212244033813
1771107639.8883402,1330,0.6416666507720947
1771107671.017619,1331,0.831818163394928
1771107704.1433485,1332,0.8363636136054993
1771107739.958458,1333,0.7613636255264282
1771107773.3554356,1334,0.7920454740524292
1771107811.3921716,1335,0.8999999761581421
1771107841.5257397,1336,0.7916666865348816
1771107869.5624516,1337,0.9017676711082458
1771107902.174619,1338,0.8363636136054993
1771107941.5795407,1339,0.7916666865348816
1771107980.1967902,1340,0.8772727251052856
1771108012.5576184,1341,0.831818163394928
1771108041.1942906,1342,0.8878787755966187
1771108071.6664922,1343,0.7416666746139526
1771108101.5906932,1344,0.7886363863945007
1771108138.068715,1345,0.8189393877983093
1771108171.6381226,1346,0.875
1771108211.0154445,1347,0.8409090638160706
1771108235.7628496,1348,0.8840909004211426
1771108258.1062949,1349,0.7340909242630005
1771108292.0840414,1350,0.949999988079071
1771108319.8699765,1351,0.9272727370262146
1771108356.1366036,1352,0.875
1771108389.0978088,1353,0.8545454740524292
1771108418.2140644,1354,0.925000011920929
1771108437.7301965,1355,0.8068181872367859
1771108467.8255906,1356,0.8972222208976746
1771108503.0550728,1357,0.7681818008422852
1771108539.3197284,1358,0.8590909242630005
1771108571.8769944,1359,0.8666666746139526
1771108614.2939982,1360,0.9244949221611023
1771108644.1595027,1361,0.925000011920929
1771108670.5064428,1362,0.9333333373069763
1771108704.373657,1363,0.8590909242630005
1771108731.3564875,1364,0.949999988079071
1771108759.513265,1365,0.949999988079071
1771108784.831208,1366,0.9022727012634277
1771108810.6291175,1367,0.7659090757369995
1771108844.658455,1368,0.949999988079071
1771108879.4194388,1369,0.949999988079071
1771108919.3912761,1370,0.925000011920929
1771108951.9469793,1371,0.9545454382896423
1771108985.2624593,1372,0.9750000238418579
1771109023.1567812,1373,0.8462121486663818
1771109058.031588,1374,0.9295454621315002
1771109094.8809376,1375,0.875
1771109130.3395312,1376,0.949999988079071
1771109167.0597622,1377,0.9722222089767456
1771109196.8071654,1378,0.9295454621315002
1771109224.8877301,1379,0.9318181872367859
1771109246.3002481,1380,0.8999999761581421
1771109275.9190674,1381,0.949999988079071
1771109313.4413204,1382,0.9295454621315002
1771109351.6872509,1383,0.949999988079071
1771109374.5070357,1384,0.9068182110786438
1771109402.4455142,1385,0.9750000238418579
1771109431.9627018,1386,0.9750000238418579
1771109465.6775014,1387,0.9522727131843567
1771109493.1542146,1388,0.925000011920929
1771109515.2894988,1389,0.8494949340820312
1771109546.9149165,1390,1.0
1771109577.9401596,1391,0.9545454382896423
1771109610.6476235,1392,0.9750000238418579
1771109647.2474155,1393,0.9750000238418579
1771109689.5761797,1394,1.0
1771109726.4608932,1395,0.9750000238418579
1771109759.5525346,1396,1.0
1771109781.8464386,1397,0.9772727489471436
1771109817.6408033,1398,0.9045454263687134
1771109849.0699153,1399,0.8999999761581421
1771109927.3579774,1400,0.0
1771109970.011606,1401,0.0
1771110010.547338,1402,0.01923076994717121
1771110048.2036028,1403,0.0
1771110079.6320734,1404,0.01666666753590107
1771110099.7019713,1405,0.0
1771110129.8859131,1406,0.0
1771110159.3731008,1407,0.0
1771110184.1027138,1408,0.0
1771110210.581978,1409,0.0
1771110254.336223,1410,0.0
1771110286.5656338,1411,0.014705882407724857
1771110321.8982437,1412,0.0
1771110355.8465157,1413,0.0
1771110391.2241502,1414,0.011904762126505375
1771110423.505555,1415,0.0
1771110458.9122217,1416,0.0
1771110488.6300385,1417,0.0
1771110510.0022197,1418,0.0
1771110546.8272765,1419,0.0
1771110583.7822924,1420,0.0
1771110617.3170364,1421,0.0
1771110650.1190946,1422,0.0
1771110664.1659372,1423,0.0
1771110693.79955,1424,0.0
1771110728.391689,1425,0.0
1771110756.066375,1426,0.0
1771110786.6964252,1427,0.0
1771110812.0593164,1428,0.0
1771110851.1995933,1429,0.0
1771110895.8359153,1430,0.0
1771110935.9557333,1431,0.0
1771110966.2661824,1432,0.0
1771111002.9486518,1433,0.0
1771111032.3472981,1434,0.0
1771111063.3733938,1435,0.0
1771111092.7508323,1436,0.0
1771111129.9311702,1437,0.0
1771111170.1098745,1438,0.0
1771111211.6262374,1439,0.0
1771111249.6367142,1440,0.0
1771111283.582136,1441,0.0
1771111318.7364295,1442,0.0
1771111357.9842665,1443,0.0
1771111395.0267937,1444,0.0
1771111432.9736857,1445,0.0
1771111470.013061,1446,0.0
1771111506.7034235,1447,0.0
1771111543.7615683,1448,0.0
1771111572.2609684,1449,0.0
1771111610.5497746,1450,0.0
1771111637.9981177,1451,0.0
1771111662.677641,1452,0.0
1771111696.6367621,1453,0.0
1771111726.4070048,1454,0.0
1771111762.9262815,1455,0.0
1771111796.872158,1456,0.0
1771111826.8992383,1457,0.0
1771111865.1343849,1458,0.0
1771111895.5267928,1459,0.0
1771111930.4939206,1460,0.0
1771111960.8778331,1461,0.0
1771111985.2790263,1462,0.0
1771112020.2339659,1463,0.0
1771112055.4729908,1464,0.0
1771112092.874003,1465,0.0
1771112120.5169265,1466,0.0
1771112153.4686913,1467,0.0
1771112192.7889705,1468,0.0
1771112221.7846003,1469,0.0
1771112247.1183507,1470,0.0
1771112283.0131938,1471,0.0
1771112317.4924364,1472,0.0
1771112353.43056,1473,0.0
1771112389.3635876,1474,0.0
1771112419.828146,1475,0.0
1771112450.993596,1476,0.0
1771112476.8455122,1477,0.0
1771112512.2620606,1478,0.0
1771112552.838621,1479,0.0
1771112590.6555092,1480,0.0
1771112621.2059057,1481,0.0
1771112653.4814892,1482,0.0
1771112686.9189632,1483,0.0
1771112718.338939,1484,0.0
1771112749.7372673,1485,0.0
1771112765.7336097,1486,0.0
1771112800.2234557,1487,0.0
1771112837.6633613,1488,0.0
1771112867.8273263,1489,0.0
1771112905.7982566,1490,0.0
1771112934.3358095,1491,0.0
1771112971.217814,1492,0.0
1771113011.2284548,1493,0.0
1771113052.9662035,1494,0.0
1771113090.2101738,1495,0.0
1771113123.2956076,1496,0.0
1771113146.0560563,1497,0.0
1771113175.1500752,1498,0.0
1771113214.0553267,1499,0.0
1771113286.2192843,1500,0.0
1771113325.8865297,1501,0.0
1771113369.6492095,1502,0.0
1771113397.2384279,1503,0.0
1771113423.4061248,1504,0.0
1771113447.4141622,1505,0.0
1771113482.4965131,1506,0.0
1771113516.804289,1507,0.0
1771113548.9238155,1508,0.0
1771113580.4536164,1509,0.0
1771113616.4234126,1510,0.0
1771113640.2984607,1511,0.0
1771113667.80606,1512,0.0
1771113706.2882042,1513,0.0
1771113740.8418944,1514,0.0
1771113778.4785478,1515,0.0
1771113809.0832803,1516,0.0
1771113840.2070305,1517,0.0
1771113862.450631,1518,0.0
1771113891.1057541,1519,0.0
1771113928.916659,1520,0.0
1771113967.0963874,1521,0.0
1771114001.818485,1522,0.0
1771114036.2694917,1523,0.0
1771114067.3351107,1524,0.0
1771114104.4232943,1525,0.0
1771114132.0022833,1526,0.0
1771114166.8725681,1527,0.0
1771114206.742704,1528,0.0
1771114242.0521243,1529,0.0
1771114281.7301655,1530,0.0
1771114321.1518068,1531,0.0
1771114354.38581,1532,0.0
1771114386.77881,1533,0.0
1771114415.5647976,1534,0.0
1771114444.2492464,1535,0.0
1771114475.8594217,1536,0.0
1771114512.5544403,1537,0.0
1771114545.134986,1538,0.0
1771114575.7108612,1539,0.0
1771114608.5487838,1540,0.0
1771114636.4248087,1541,0.0
1771114657.4308503,1542,0.0
1771114680.3226492,1543,0.0
1771114715.5854983,1544,0.0
1771114757.3593013,1545,0.0
1771114796.07459,1546,0.0
1771114834.8323958,1547,0.0
1771114867.3642974,1548,0.0
1771114890.207918,1549,0.0
1771114917.6977513,1550,0.0
1771114946.1763256,1551,0.0
1771114986.929795,1552,0.0
1771115022.9995506,1553,0.0
1771115056.034348,1554,0.0
1771115093.8214333,1555,0.0
1771115127.163924,1556,0.0
1771115142.631697,1557,0.0
1771115171.4872868,1558,0.0
1771115206.0273154,1559,0.0
1771115245.5746102,1560,0.0
1771115280.7720892,1561,0.0
1771115319.2751784,1562,0.0
1771115356.922377,1563,0.0
1771115392.0151155,1564,0.0
1771115402.0188932,1565,0.0
1771115438.278406,1566,0.0
1771115476.1300006,1567,0.0
1771115505.6250296,1568,0.0
1771115533.546516,1569,0.0
1771115563.6411266,1570,0.0
1771115602.0637236,1571,0.0
1771115639.207466,1572,0.0
1771115681.3464425,1573,0.0
1771115720.577917,1574,0.0
1771115757.7021973,1575,0.0
1771115798.00198,1576,0.0
1771115836.1256223,1577,0.0
1771115871.7655878,1578,0.0
1771115908.1936958,1579,0.0
1771115953.935238,1580,0.0
1771115990.4447112,1581,0.0
1771116026.3683596,1582,0.0
1771116063.6425872,1583,0.0
1771116103.7502053,1584,0.0
1771116137.762053,1585,0.0
1771116164.6735923,1586,0.0
1771116188.378917,1587,0.0
1771116219.2431915,1588,0.0
1771116256.8076737,1589,0.0
1771116295.6546664,1590,0.0
1771116330.4885292,1591,0.0
1771116372.8387444,1592,0.0
1771116407.8095345,1593,0.0
1771116444.442544,1594,0.0
1771116476.24886,1595,0.0
1771116511.9582152,1596,0.0
1771116540.5567834,1597,0.0
1771116578.1174746,1598,0.0
1771116607.4135582,1599,0.0
1771116675.6057487,1600,0.04356060549616814
1771116714.9453444,1601,0.02083333395421505
1771116755.967626,1602,0.022727273404598236
1771116790.235121,1603,0.04356060549616814
1771116829.79898,1604,0.0
1771116863.6113024,1605,0.0416666679084301
1771116901.7514215,1606,0.04583333432674408
1771116930.9543626,1607,0.072727270424366
1771116968.5809913,1608,0.01923076994717121
1771117008.2580018,1609,0.02500000037252903
1771117047.386746,1610,0.07045454531908035
1771117082.6811106,1611,0.07083333283662796
1771117116.2707145,1612,0.07361111044883728
1771117152.2794747,1613,0.10328283160924911
1771117186.4645023,1614,0.2037878781557083
1771117214.819931,1615,0.10328283160924911
1771117243.9143944,1616,0.07500000298023224
1771117282.4214728,1617,0.22499999403953552
1771117320.349172,1618,0.2954545319080353
1771117355.8110394,1619,0.18333333730697632
1771117390.866556,1620,0.1829545497894287
1771117427.017513,1621,0.405303031206131
1771117462.9106631,1622,0.3916666805744171
1771117494.9656057,1623,0.4305555522441864
1771117526.1506274,1624,0.5265151262283325
1771117555.9828782,1625,0.44621211290359497
1771117588.0637991,1626,0.5152778029441833
1771117620.2610998,1627,0.5277777910232544
1771117646.6512473,1628,0.5742424130439758
1771117676.7629075,1629,0.6881944537162781
1771117711.8229706,1630,0.6333333253860474
1771117744.941368,1631,0.6979166865348816
1771117780.2591913,1632,0.7222222089767456
1771117819.3653507,1633,0.605555534362793
1771117835.8624535,1634,0.6499999761581421
1771117867.446051,1635,0.6752524971961975
1771117903.3387148,1636,0.6499999761581421
1771117949.362133,1637,0.6958333253860474
1771117990.2733674,1638,0.7520833611488342
1771118026.4523005,1639,0.7222222089767456
1771118071.9085867,1640,0.8298611044883728
1771118108.5117347,1641,0.8111110925674438
1771118139.8897312,1642,0.7979797720909119
1771118173.1138568,1643,0.8888888955116272
1771118209.8476737,1644,0.7708333134651184
1771118243.0314746,1645,0.8666666746139526
1771118272.5666313,1646,0.8138889074325562
1771118302.592234,1647,0.7055555582046509
1771118328.8099058,1648,0.8888888955116272
1771118367.6543,1649,0.9166666865348816
1771118405.4863622,1650,0.863194465637207
1771118436.9506376,1651,0.7972221970558167
1771118468.4849548,1652,0.8020833134651184
1771118510.6102703,1653,0.8888888955116272
1771118543.6088045,1654,0.8500000238418579
1771118578.3187768,1655,0.9444444179534912
1771118617.0785706,1656,0.8659722208976746
1771118655.6107733,1657,0.9444444179534912
1771118687.4572837,1658,0.8611111044883728
1771118731.694583,1659,0.8888888955116272
1771118770.5563917,1660,0.9222221970558167
1771118804.734164,1661,0.8540403842926025
1771118843.000551,1662,0.8666666746139526
1771118877.386753,1663,0.8722222447395325
1771118905.760247,1664,0.8187500238418579
1771118934.6596131,1665,0.8361111283302307
1771118972.1267345,1666,0.9444444179534912
1771119009.4885342,1667,0.96875
1771119046.2722104,1668,0.8263888955116272
1771119079.0046263,1669,0.9722222089767456
1771119121.3068776,1670,0.9166666865348816
1771119161.5929313,1671,0.8076388835906982
1771119177.052924,1672,0.8854166865348816
1771119206.32716,1673,0.9444444179534912
1771119236.8544297,1674,0.8076388835906982
1771119269.9876318,1675,0.8638888597488403
1771119302.6153848,1676,0.9040403962135315
1771119327.7733715,1677,0.9444444179534912
1771119353.9287822,1678,0.8888888955116272
1771119389.6780071,1679,0.8854166865348816
1771119433.9865377,1680,0.9750000238418579
1771119472.1746714,1681,0.9131944179534912
1771119510.4354103,1682,0.9722222089767456
1771119543.4098504,1683,0.9097222089767456
1771119579.5911493,1684,0.8604166507720947
1771119614.5780778,1685,0.9722222089767456
1771119648.691523,1686,0.9131944179534912
1771119686.4184864,1687,0.9750000238418579
1771119720.621395,1688,0.9131944179534912
1771119754.7218823,1689,0.949999988079071
1771119793.2498603,1690,0.9131944179534912
1771119820.220748,1691,0.9222221970558167
1771119849.734592,1692,0.9444444179534912
1771119885.0243695,1693,0.9409722089767456
1771119923.8532941,1694,0.9444444179534912
1771119970.2409935,1695,0.9750000238418579
1771120010.4576895,1696,0.8888888955116272
1771120045.7486546,1697,0.8888888955116272
1771120091.1877744,1698,0.894444465637207
1771120127.5556161,1699,0.8854166865348816
1771120206.4639397,1700,0.0
1771120245.0675554,1701,0.03708791360259056
1771120286.0745146,1702,0.0
1771120317.3743908,1703,0.0313725508749485
1771120342.5369933,1704,0.03333333507180214
1771120374.1497016,1705,0.0313725508749485
1771120405.4596686,1706,0.01666666753590107
1771120439.822922,1707,0.0
1771120476.626604,1708,0.014705882407724857
1771120517.2045662,1709,0.02579365111887455
1771120555.0824113,1710,0.026610644534230232
1771120594.9336812,1711,0.01666666753590107
1771120626.4724185,1712,0.04246031865477562
1771120648.077419,1713,0.010869565419852734
1771120681.2052524,1714,0.02083333395421505
1771120717.1248367,1715,0.0
1771120758.5056381,1716,0.08815789222717285
1771120795.2073243,1717,0.08256302773952484
1771120813.4202886,1718,0.07020757347345352
1771120841.5216188,1719,0.1044117659330368
1771120876.855896,1720,0.03333333507180214
1771120886.906755,1721,0.05494505539536476
1771120919.8391879,1722,0.03125
1771120958.0807333,1723,0.0317460335791111
1771120997.4956386,1724,0.05375457927584648
1771121035.472462,1725,0.03589743748307228
1771121071.1798804,1726,0.0833333358168602
1771121098.7932215,1727,0.06111111119389534
1771121127.2975717,1728,0.1395566165447235
1771121163.645335,1729,0.09935897588729858
1771121200.999801,1730,0.11818910390138626
1771121241.7342324,1731,0.1309731900691986
1771121279.6614208,1732,0.11346153914928436
1771121323.7762141,1733,0.13269230723381042
1771121361.0551343,1734,0.29507574439048767
1771121407.1096683,1735,0.2220279723405838
1771121447.6420443,1736,0.24606643617153168
1771121481.581195,1737,0.38383838534355164
1771121520.52505,1738,0.21306471526622772
1771121558.6185377,1739,0.3291666805744171
1771121604.7750843,1740,0.4386363625526428
1771121642.6805398,1741,0.3968254029750824
1771121673.8278809,1742,0.32575756311416626
1771121706.2274961,1743,0.3950757682323456
1771121743.371466,1744,0.46174243092536926
1771121770.3825033,1745,0.6242424249649048
1771121799.42406,1746,0.4022727310657501
1771121827.4738402,1747,0.5653409361839294
1771121863.1743739,1748,0.5808081030845642
1771121899.9318442,1749,0.38749998807907104
1771121942.6043417,1750,0.5083333253860474
1771121978.5886247,1751,0.8055555820465088
1771122003.536832,1752,0.6472222208976746
1771122027.134161,1753,0.4888306260108948
1771122061.1122687,1754,0.5555555820465088
1771122101.3898458,1755,0.5636363625526428
1771122137.347271,1756,0.6569444537162781
1771122167.8345087,1757,0.6388888955116272
1771122202.9232533,1758,0.6030303239822388
1771122236.911045,1759,0.5805555582046509
1771122261.012778,1760,0.5946969985961914
1771122287.026414,1761,0.6611111164093018
1771122325.8986397,1762,0.6555555462837219
1771122359.3864791,1763,0.7659721970558167
1771122373.7601163,1764,0.75
1771122407.7772958,1765,0.7805555462837219
1771122441.749468,1766,0.5752525329589844
1771122471.1871266,1767,0.7819444537162781
1771122491.3495739,1768,0.7416666746139526
1771122518.9730139,1769,0.75
1771122561.140877,1770,0.7298611402511597
1771122599.1748784,1771,0.8388888835906982
1771122635.194106,1772,0.75
1771122669.4365542,1773,0.8104166388511658
1771122707.0815597,1774,0.8055555820465088
1771122742.0873628,1775,0.8576388955116272
1771122779.0204222,1776,0.7152777910232544
1771122815.668601,1777,0.7777777910232544
1771122854.7889347,1778,0.6729166507720947
1771122891.094028,1779,0.758080780506134
1771122929.3344686,1780,0.875
1771122964.9150763,1781,0.894444465637207
1771123006.6200778,1782,0.8576388955116272
1771123047.0117707,1783,0.8298611044883728
1771123086.511717,1784,0.8534722328186035
1771123120.6055143,1785,0.8611111044883728
1771123161.6482537,1786,0.8166666626930237
1771123193.4727652,1787,0.8611111044883728
1771123210.019025,1788,0.7666666507720947
1771123238.738001,1789,0.8506944179534912
1771123282.706147,1790,0.7111111283302307
1771123316.9974887,1791,0.9131944179534912
1771123354.4744246,1792,0.8298611044883728
1771123386.3169408,1793,0.9750000238418579
1771123425.80443,1794,0.8416666388511658
1771123468.459602,1795,0.9131944179534912
1771123502.8541837,1796,0.8347222208976746
1771123528.982976,1797,0.8597221970558167
1771123563.0770717,1798,0.8881944417953491
1771123598.9539428,1799,0.875
1771123681.5979483,1800,0.0
1771123722.0653634,1801,0.0
1771123761.7792847,1802,0.0
1771123804.4191787,1803,0.0
1771123845.04825,1804,0.0
1771123884.4367,1805,0.0
1771123922.845202,1806,0.0
1771123962.5257857,1807,0.0
1771124005.9102335,1808,0.0
1771124041.418361,1809,0.0
1771124071.709406,1810,0.0
1771124108.7971282,1811,0.0
1771124148.8911748,1812,0.0
1771124168.3278728,1813,0.0
1771124206.9655,1814,0.0
1771124244.3178,1815,0.0
1771124281.6437817,1816,0.0
1771124301.603853,1817,0.0
1771124330.9734447,1818,0.0
1771124373.0154388,1819,0.0
1771124418.6459148,1820,0.0
1771124454.227122,1821,0.0
1771124491.817722,1822,0.0
1771124527.1938982,1823,0.0
1771124568.7758877,1824,0.0
1771124603.148774,1825,0.0
1771124630.967226,1826,0.0
1771124665.5259728,1827,0.0
1771124695.7339592,1828,0.0
1771124735.7964764,1829,0.0
1771124774.2935963,1830,0.0
1771124819.6900284,1831,0.0
1771124856.829947,1832,0.0
1771124897.1239643,1833,0.0
1771124931.0708146,1834,0.0
1771124963.0451224,1835,0.0
1771124999.8630939,1836,0.0
1771125035.675836,1837,0.0
1771125074.8305304,1838,0.0
1771125110.7952468,1839,0.0
1771125143.208934,1840,0.0
1771125167.050613,1841,0.0
1771125199.7050662,1842,0.0
1771125234.7092357,1843,0.0
1771125274.4597843,1844,0.0
1771125313.8807654,1845,0.0
1771125357.8037558,1846,0.0
1771125398.5653675,1847,0.0
1771125419.6490104,1848,0.0
1771125446.9347491,1849,0.0
1771125489.6949356,1850,0.0
1771125530.0062466,1851,0.0
1771125565.230689,1852,0.0
1771125596.8460114,1853,0.0
1771125627.829507,1854,0.0
1771125655.1625156,1855,0.0
1771125686.1935828,1856,0.0
1771125717.7383935,1857,0.0
1771125757.094862,1858,0.0
1771125786.7043362,1859,0.0
1771125815.9608526,1860,0.0
1771125849.3219123,1861,0.0
1771125884.049501,1862,0.0
1771125926.1695044,1863,0.0
1771125964.299951,1864,0.0
1771126005.5890455,1865,0.0
1771126044.8744447,1866,0.0
1771126083.698112,1867,0.0
1771126124.643527,1868,0.0
1771126165.309646,1869,0.0
1771126207.6405869,1870,0.0
1771126244.3462408,1871,0.0
1771126283.0354095,1872,0.0
1771126321.5431573,1873,0.0
1771126361.3000076,1874,0.0
1771126400.0695558,1875,0.0
1771126438.584839,1876,0.0
1771126485.7802362,1877,0.0
1771126525.4421833,1878,0.0
1771126565.9876478,1879,0.0
1771126612.205753,1880,0.0
1771126653.6644855,1881,0.0
1771126687.3483052,1882,0.0
1771126716.6016324,1883,0.0
1771126743.482359,1884,0.0
1771126780.5679445,1885,0.0
1771126811.1308339,1886,0.0
1771126841.0016925,1887,0.0
1771126873.84577,1888,0.0
1771126911.4444885,1889,0.0
1771126948.6415985,1890,0.0
1771126986.6965525,1891,0.0
1771127023.5315263,1892,0.0
1771127062.3832462,1893,0.0
1771127103.18137,1894,0.0
1771127141.415605,1895,0.0
1771127180.3326101,1896,0.0
1771127221.9823942,1897,0.0
1771127254.4643643,1898,0.0
1771127289.0540426,1899,0.0
1771127370.4949195,1900,0.0
1771127408.0647597,1901,0.0
1771127449.868251,1902,0.0
1771127480.0815122,1903,0.0
1771127518.3532867,1904,0.0
1771127561.5311196,1905,0.0
1771127608.0281377,1906,0.0
1771127646.2350354,1907,0.0
1771127685.784148,1908,0.0
1771127722.6993246,1909,0.0
1771127766.4687736,1910,0.0
1771127804.3447137,1911,0.0
1771127841.7993052,1912,0.0
1771127867.5183408,1913,0.0
1771127900.5970438,1914,0.0
1771127943.0244713,1915,0.0
1771127982.6680121,1916,0.0
1771128025.9843745,1917,0.0
1771128062.952787,1918,0.0
1771128094.5030813,1919,0.0
1771128131.6335666,1920,0.0
1771128158.9759493,1921,0.0
1771128190.018482,1922,0.0
1771128234.2609324,1923,0.0
1771128251.4950016,1924,0.0
1771128285.68264,1925,0.0
1771128326.8991032,1926,0.0
1771128368.7587318,1927,0.0
1771128410.1475327,1928,0.0
1771128444.776472,1929,0.0
1771128480.871392,1930,0.0
1771128518.5588138,1931,0.0
1771128553.5168033,1932,0.0
1771128589.3856893,1933,0.0
1771128627.8080435,1934,0.0
1771128666.9447746,1935,0.0
1771128711.778263,1936,0.0
1771128753.8275807,1937,0.0
1771128795.71862,1938,0.0
1771128837.5822349,1939,0.0
1771128882.1292915,1940,0.0
1771128924.2746823,1941,0.0
1771128965.7683415,1942,0.0
1771129003.8044963,1943,0.0
1771129031.4059315,1944,0.0
1771129052.5990639,1945,0.0
1771129090.4170637,1946,0.0
1771129131.5315084,1947,0.0
1771129170.6533077,1948,0.0
1771129212.5631702,1949,0.0
1771129255.8287225,1950,0.0
1771129294.5364366,1951,0.0
1771129335.4015632,1952,0.0
1771129379.7056963,1953,0.0
1771129413.8239238,1954,0.0
1771129447.4594889,1955,0.0
1771129474.3183882,1956,0.0
1771129507.6717443,1957,0.0
1771129544.4606068,1958,0.0
1771129583.6461768,1959,0.0
1771129628.638331,1960,0.0
1771129670.8904924,1961,0.0
1771129707.7090983,1962,0.0
1771129744.2524188,1963,0.0
1771129784.9155993,1964,0.0
1771129822.1499655,1965,0.0
1771129860.24484,1966,0.0
1771129896.4588006,1967,0.0
1771129917.228413,1968,0.0
1771129949.4280913,1969,0.0
1771129983.151632,1970,0.0
1771130008.0956755,1971,0.0
1771130035.6648016,1972,0.0
1771130072.0961738,1973,0.0
1771130111.2023761,1974,0.0
1771130155.646953,1975,0.0
1771130197.255209,1976,0.0
1771130233.4313095,1977,0.0
1771130271.3891578,1978,0.0
1771130306.3846684,1979,0.0
1771130342.470747,1980,0.0
1771130375.1434364,1981,0.0
1771130409.4899087,1982,0.0
1771130440.7624168,1983,0.0
1771130469.3025768,1984,0.0
1771130505.3166294,1985,0.0
1771130547.2930021,1986,0.0
1771130583.7977517,1987,0.0
1771130626.7501984,1988,0.0
1771130666.1276777,1989,0.0
1771130698.0917473,1990,0.0
1771130731.0788345,1991,0.0
1771130772.050389,1992,0.0
1771130811.31257,1993,0.0
1771130855.5898895,1994,0.0
1771130899.3819463,1995,0.0
1771130940.752557,1996,0.0
1771130986.6605716,1997,0.0
1771131034.6369631,1998,0.0
1771131077.0137672,1999,0.0
1771131157.6294577,2000,0.07045454531908035
1771131190.5875084,2001,0.022727273404598236
1771131230.2220962,2002,0.10101009905338287
1771131265.2197711,2003,0.02777777798473835
1771131305.2095115,2004,0.05624999850988388
1771131347.1822443,2005,0.13106060028076172
1771131385.7336748,2006,0.02500000037252903
1771131427.427213,2007,0.15883837640285492
1771131444.8155098,2008,0.13333334028720856
1771131477.9835565,2009,0.16736111044883728
1771131523.7034009,2010,0.1527777761220932
1771131564.0556536,2011,0.19166666269302368
1771131606.5989945,2012,0.18888889253139496
1771131646.2255955,2013,0.24166665971279144
1771131689.141701,2014,0.29374998807907104
1771131735.0908923,2015,0.4236111044883728
1771131772.69947,2016,0.2395833283662796
1771131799.961993,2017,0.31458333134651184
1771131826.5605717,2018,0.30416667461395264
1771131870.5002522,2019,0.34583333134651184
1771131910.8965125,2020,0.3326388895511627
1771131950.7376409,2021,0.3903769850730896
1771131986.2570932,2022,0.4923610985279083
1771132024.0765333,2023,0.375
1771132062.7434115,2024,0.4722222089767456
1771132098.3912466,2025,0.5763888955116272
1771132140.085626,2026,0.5565476417541504
1771132167.976086,2027,0.4027777910232544
1771132187.8951862,2028,0.46736112236976624
1771132227.0131457,2029,0.737500011920929
1771132270.6122572,2030,0.5044642686843872
1771132308.5819716,2031,0.5763888955116272
1771132356.457714,2032,0.6041666865348816
1771132394.5542662,2033,0.6289682388305664
1771132435.7527323,2034,0.6291666626930237
1771132473.912656,2035,0.5763888955116272
1771132490.8385684,2036,0.6041666865348816
1771132526.513924,2037,0.5848214030265808
1771132562.4154384,2038,0.5625
1771132601.849574,2039,0.7103174328804016
1771132644.2609622,2040,0.5347222089767456
1771132681.5472677,2041,0.5486111044883728
1771132717.3662295,2042,0.6458333134651184
1771132757.3849907,2043,0.7321428656578064
1771132778.5110233,2044,0.78125
1771132804.472121,2045,0.7604166865348816
1771132842.9838045,2046,0.7757936716079712
1771132882.3169792,2047,0.7351190447807312
1771132919.1501212,2048,0.6875
1771132957.672734,2049,0.6805555820465088
1771133003.4991152,2050,0.721230149269104
1771133039.6692855,2051,0.75
1771133077.8994966,2052,0.7430555820465088
1771133113.7873414,2053,0.5620039701461792
1771133158.0247622,2054,0.8229166865348816
1771133203.4240358,2055,0.543154776096344
1771133229.5415518,2056,0.8125
1771133255.1050913,2057,0.75
1771133293.774241,2058,0.8258928656578064
1771133332.1279662,2059,0.78125
1771133371.7114108,2060,0.75
1771133413.3812752,2061,0.8541666865348816
1771133451.3518407,2062,0.78125
1771133493.4976308,2063,0.7916666865348816
1771133519.7863216,2064,0.8348214030265808
1771133555.8769586,2065,0.78125
1771133586.1238363,2066,0.84375
1771133618.8607047,2067,0.8705357313156128
1771133653.4542618,2068,0.7991071343421936
1771133693.4766297,2069,0.84375
1771133728.4600027,2070,0.7767857313156128
1771133763.3083901,2071,0.9017857313156128
1771133797.8758388,2072,0.6979166865348816
1771133832.1739924,2073,0.8705357313156128
1771133852.00913,2074,0.7548611164093018
1771133890.173805,2075,0.7723214030265808
1771133932.0787802,2076,0.875
1771133973.6300168,2077,0.7941468358039856
1771134009.5042508,2078,0.8229166865348816
1771134025.247965,2079,0.9642857313156128
1771134062.2619498,2080,0.84375
1771134097.1311421,2081,0.8973214030265808
1771134134.1003182,2082,0.7723214030265808
1771134173.1747036,2083,0.7872023582458496
1771134209.5296743,2084,0.90625
1771134253.0027237,2085,0.8194444179534912
1771134290.9036703,2086,0.7901785969734192
1771134331.1851816,2087,0.8194444179534912
1771134372.4514208,2088,0.9375
1771134411.8646305,2089,0.9330357313156128
1771134458.8354988,2090,0.8784722089767456
1771134491.2954495,2091,0.7083333134651184
1771134533.4366279,2092,0.9642857313156128
1771134571.3794425,2093,0.7569444179534912
1771134616.0080943,2094,0.9330357313156128
1771134657.919488,2095,0.90625
1771134701.0116577,2096,0.84375
1771134739.511009,2097,0.9330357313156128
1771134776.3241313,2098,0.8348214030265808
1771134817.2830818,2099,0.8348214030265808
1771134895.1169314,2100,0.0
1771134940.5316913,2101,0.0
1771134976.557655,2102,0.0
1771135004.3140616,2103,0.0
1771135036.2668953,2104,0.0
1771135076.4194617,2105,0.0
1771135116.797967,2106,0.0
1771135153.432217,2107,0.02083333395421505
1771135192.4584384,2108,0.0
1771135237.4156618,2109,0.0
1771135280.8389878,2110,0.0
1771135323.7781432,2111,0.0
1771135364.9222322,2112,0.01923076994717121
1771135394.7260833,2113,0.0
1771135415.947253,2114,0.0
1771135455.164908,2115,0.0
1771135499.9330842,2116,0.013888888992369175
1771135546.8847165,2117,0.0
1771135587.9083948,2118,0.0
1771135626.4740798,2119,0.0
1771135670.1395662,2120,0.0
1771135710.69947,2121,0.0
1771135746.8630962,2122,0.0
1771135766.3493648,2123,0.0
1771135799.28281,2124,0.0
1771135835.2045052,2125,0.0
1771135877.31955,2126,0.0
1771135916.1481547,2127,0.0
1771135951.9550664,2128,0.0
1771135992.3930986,2129,0.0
1771136032.778886,2130,0.0
1771136066.636012,2131,0.0
1771136103.2337587,2132,0.0
1771136141.301689,2133,0.0
1771136178.1267533,2134,0.0
1771136211.624129,2135,0.0
1771136246.81055,2136,0.0
1771136285.1917338,2137,0.0
1771136326.2569935,2138,0.0
1771136363.9489539,2139,0.0
1771136406.315587,2140,0.0
1771136447.3929324,2141,0.0
1771136481.1491427,2142,0.0
1771136518.90931,2143,0.0
1771136566.0672467,2144,0.0
1771136608.9862874,2145,0.0
1771136645.6350253,2146,0.0
1771136670.3776543,2147,0.0
1771136703.7901437,2148,0.0
1771136736.2374392,2149,0.0
1771136777.4412758,2150,0.0
1771136818.3434575,2151,0.0
1771136852.533366,2152,0.0
1771136892.7483113,2153,0.0
1771136916.232803,2154,0.0
1771136943.549046,2155,0.0
1771136984.1119573,2156,0.0
1771137021.7741113,2157,0.0
1771137063.5012188,2158,0.0
1771137085.883941,2159,0.0
1771137122.52156,2160,0.0
1771137160.0250397,2161,0.0
1771137201.5276523,2162,0.0
1771137245.3012471,2163,0.0
1771137284.0745957,2164,0.0
1771137328.9390185,2165,0.0
1771137371.280126,2166,0.0
1771137403.110027,2167,0.0
1771137430.4619358,2168,0.0
1771137465.0341773,2169,0.0
1771137511.5158796,2170,0.0
1771137553.0503535,2171,0.0
1771137593.2207522,2172,0.0
1771137637.477338,2173,0.0
1771137681.0675535,2174,0.0
1771137720.404435,2175,0.0
1771137762.690242,2176,0.0
1771137788.7352087,2177,0.0
1771137828.5781507,2178,0.0
1771137864.2577162,2179,0.0
1771137906.7801113,2180,0.0
1771137940.914481,2181,0.0
1771137979.7401698,2182,0.0
1771138019.1383376,2183,0.0
1771138061.3085706,2184,0.0
1771138104.0451844,2185,0.0
1771138152.65891,2186,0.0
1771138200.7305238,2187,0.0
1771138238.160834,2188,0.0
1771138275.5933688,2189,0.0
1771138317.2798128,2190,0.0
1771138341.8269455,2191,0.0
1771138375.4063404,2192,0.0
1771138416.9847715,2193,0.0
1771138464.7942684,2194,0.0
1771138514.2547271,2195,0.0
1771138559.6020992,2196,0.0
1771138599.7628748,2197,0.0
1771138630.3809195,2198,0.0
1771138650.7232938,2199,0.0
1771138739.1879652,2200,0.0
1771138779.5058682,2201,0.0
1771138816.9714994,2202,0.0
1771138856.7128594,2203,0.0
1771138895.8961468,2204,0.0
1771138933.408241,2205,0.0
1771138966.4321961,2206,0.0
1771138999.6387732,2207,0.0
1771139033.8441799,2208,0.0
1771139078.5879219,2209,0.0
1771139125.755744,2210,0.0
1771139172.286227,2211,0.0
1771139211.6182024,2212,0.0
1771139253.1424906,2213,0.0
1771139295.018901,2214,0.0
1771139332.6244678,2215,0.0
1771139374.3768656,2216,0.0
1771139415.976751,2217,0.0
1771139455.8375106,2218,0.0
1771139498.9174902,2219,0.0
1771139538.0956254,2220,0.0
1771139573.3634737,2221,0.0
1771139599.1144066,2222,0.0
1771139631.6850867,2223,0.0
1771139671.8287826,2224,0.0
1771139711.3119218,2225,0.0
1771139742.1325057,2226,0.0
1771139774.084648,2227,0.0
1771139818.174491,2228,0.0
1771139857.678289,2229,0.0
1771139907.0634916,2230,0.0
1771139947.5179737,2231,0.0
1771139990.378068,2232,0.0
1771140030.1941538,2233,0.0
1771140079.4565277,2234,0.0
1771140119.2242007,2235,0.0
1771140158.350041,2236,0.0
1771140203.91955,2237,0.0
1771140244.939369,2238,0.0
1771140286.0602355,2239,0.0
1771140328.7602012,2240,0.0
1771140371.1289113,2241,0.0
1771140409.8796327,2242,0.0
1771140449.2549138,2243,0.0
1771140482.0107057,2244,0.0
1771140517.6539524,2245,0.0
1771140559.5573032,2246,0.0
1771140589.7992008,2247,0.0
1771140620.6792803,2248,0.0
1771140645.9779928,2249,0.0
1771140687.6663256,2250,0.0
1771140732.4901187,2251,0.0
1771140766.5675914,2252,0.0
1771140803.2445304,2253,0.0
1771140835.7647295,2254,0.0
1771140869.837089,2255,0.0
1771140911.143667,2256,0.0
1771140946.2683258,2257,0.0
1771140988.4041634,2258,0.0
1771141030.4485292,2259,0.0
1771141078.1108813,2260,0.0
1771141115.5341766,2261,0.0
1771141160.2341135,2262,0.0
1771141199.7181323,2263,0.0
1771141241.8592308,2264,0.0
1771141287.2422976,2265,0.0
1771141328.5021446,2266,0.0
1771141355.1528418,2267,0.0
1771141384.496767,2268,0.0
1771141421.4427114,2269,0.0
1771141467.9710288,2270,0.0
1771141508.4003177,2271,0.0
1771141550.2321289,2272,0.0
1771141588.4057572,2273,0.0
1771141627.7307947,2274,0.0
1771141659.3140125,2275,0.0
1771141692.8705475,2276,0.0
1771141723.517926,2277,0.0
1771141760.4683223,2278,0.0
1771141794.646497,2279,0.0
1771141834.3309443,2280,0.0
1771141868.551404,2281,0.0
1771141895.1059327,2282,0.0
1771141938.9978325,2283,0.0
1771141978.5025766,2284,0.0
1771142020.865982,2285,0.0
1771142062.698163,2286,0.0
1771142098.3993855,2287,0.0
1771142132.3473327,2288,0.0
1771142174.9422057,2289,0.0
1771142218.0751638,2290,0.0
1771142262.3246582,2291,0.0
1771142301.087691,2292,0.0
1771142344.1113825,2293,0.0
1771142379.644837,2294,0.0
1771142418.2987046,2295,0.0
1771142464.5044248,2296,0.0
1771142508.688255,2297,0.0
1771142545.8149834,2298,0.0
1771142586.800891,2299,0.0
1771142676.388684,2300,0.0
1771142723.4919972,2301,0.0
1771142764.4796364,2302,0.0
1771142808.9023902,2303,0.0
1771142856.0176308,2304,0.0
1771142902.404885,2305,0.0
1771142947.606718,2306,0.0
1771142989.5576215,2307,0.0
1771143012.2606833,2308,0.0
1771143040.090119,2309,0.0
1771143082.0082095,2310,0.0
1771143127.2537045,2311,0.0
1771143166.160425,2312,0.0
1771143211.4953992,2313,0.0
1771143252.2119331,2314,0.0
1771143293.074718,2315,0.0
1771143339.3239121,2316,0.0
1771143383.7740421,2317,0.0
1771143422.4846182,2318,0.0
1771143440.2198858,2319,0.0
1771143478.6354873,2320,0.0
1771143523.39576,2321,0.0
1771143571.713698,2322,0.0
1771143613.7431726,2323,0.0
1771143654.3180568,2324,0.0
1771143697.8284736,2325,0.0
1771143735.2492452,2326,0.0
1771143763.7438035,2327,0.0
1771143791.897234,2328,0.0
1771143836.325269,2329,0.0
1771143879.1703157,2330,0.0
1771143920.0273736,2331,0.0
1771143955.3794944,2332,0.0
1771143989.5941758,2333,0.0
1771144033.624502,2334,0.0
1771144073.8700032,2335,0.0
1771144112.941817,2336,0.0
1771144149.6151242,2337,0.0
1771144183.949099,2338,0.0
1771144221.6326058,2339,0.0
1771144265.5105748,2340,0.0
1771144306.7590978,2341,0.0
1771144349.894346,2342,0.0
1771144390.8494122,2343,0.0
1771144419.2950668,2344,0.0
1771144446.0944707,2345,0.0
1771144483.5067346,2346,0.0
1771144522.3480427,2347,0.0
1771144561.7839947,2348,0.0
1771144603.3895195,2349,0.0
1771144655.264227,2350,0.0
1771144695.7640533,2351,0.0
1771144742.9640734,2352,0.0
1771144787.4895887,2353,0.0
1771144830.511034,2354,0.0
1771144862.7090187,2355,0.0
1771144890.400945,2356,0.0
1771144923.7840164,2357,0.0
1771144968.2499106,2358,0.0
1771145009.2004595,2359,0.0
1771145051.7709486,2360,0.0
1771145087.1553202,2361,0.0
1771145130.4992037,2362,0.0
1771145172.967182,2363,0.0
1771145211.7939315,2364,0.0
1771145245.3247755,2365,0.0
1771145277.2590475,2366,0.0
1771145314.1450217,2367,0.0
1771145351.3309548,2368,0.0
1771145392.603897,2369,0.0
1771145440.55803,2370,0.0
1771145476.7861118,2371,0.0
1771145514.8558462,2372,0.0
1771145552.7158158,2373,0.0
1771145599.7112558,2374,0.0
1771145644.9714866,2375,0.0
1771145683.6269457,2376,0.0
1771145706.7859936,2377,0.0
1771145741.7880647,2378,0.0
1771145787.4009721,2379,0.0
1771145836.6270833,2380,0.0
1771145882.763863,2381,0.0
1771145927.9940603,2382,0.0
1771145967.6183066,2383,0.0
1771146012.413583,2384,0.0
1771146055.7936132,2385,0.0
1771146096.98118,2386,0.0
1771146146.3107347,2387,0.0
1771146189.013256,2388,0.0
1771146228.5487058,2389,0.0
1771146245.5348861,2390,0.0
1771146281.9446113,2391,0.0
1771146326.4141128,2392,0.0
1771146373.5616171,2393,0.0
1771146413.1583781,2394,0.0
1771146455.8748944,2395,0.0
1771146491.1047602,2396,0.0
1771146523.0141795,2397,0.0
1771146555.511714,2398,0.0
1771146598.5579357,2399,0.0
1771146677.8382819,2400,0.0
1771146722.9072688,2401,0.0
1771146760.00049,2402,0.0
1771146797.2755303,2403,0.05000000074505806
1771146838.8227046,2404,0.0
1771146881.0361328,2405,0.0
1771146920.7838638,2406,0.0
1771146964.547308,2407,0.0
1771147004.3201945,2408,0.0
1771147046.4566424,2409,0.0
1771147082.7584653,2410,0.0
1771147111.947024,2411,0.0
1771147146.7226212,2412,0.05000000074505806
1771147178.094152,2413,0.0
1771147203.1497338,2414,0.0
1771147245.4291668,2415,0.022727273404598236
1771147291.5396729,2416,0.0
1771147333.4462433,2417,0.02500000037252903
1771147378.745396,2418,0.0486111119389534
1771147425.8816583,2419,0.0
1771147474.7208402,2420,0.0
1771147519.3257704,2421,0.02500000037252903
1771147561.6627402,2422,0.0
1771147605.364878,2423,0.02777777798473835
1771147647.87814,2424,0.0
1771147692.6791837,2425,0.05050504952669144
1771147738.1436226,2426,0.05000000074505806
1771147782.7595825,2427,0.022727273404598236
1771147827.4847057,2428,0.05277777835726738
1771147867.7362862,2429,0.02777777798473835
1771147907.7746668,2430,0.0357142873108387
1771147944.4331388,2431,0.02777777798473835
1771147983.4300313,2432,0.053977273404598236
1771148017.9660301,2433,0.04772727191448212
1771148056.0808592,2434,0.0625
1771148091.459377,2435,0.07550504803657532
1771148127.6844153,2436,0.12878787517547607
1771148164.7529137,2437,0.0590277761220932
1771148213.1380262,2438,0.10902778059244156
1771148253.411686,2439,0.1145833358168602
1771148302.3573058,2440,0.053977273404598236
1771148346.5365753,2441,0.1919642835855484
1771148385.8178604,2442,0.15992063283920288
1771148427.0401022,2443,0.13106060028076172
1771148463.2782736,2444,0.1582341343164444
1771148500.600599,2445,0.1215277761220932
1771148539.4003596,2446,0.02777777798473835
1771148580.4769022,2447,0.15625
1771148616.6545267,2448,0.21915584802627563
1771148662.8955154,2449,0.3779761791229248
1771148706.1556401,2450,0.3635912835597992
1771148748.651656,2451,0.22420634329319
1771148787.9561408,2452,0.2232142835855484
1771148829.1496046,2453,0.190476194024086
1771148842.58923,2454,0.293154776096344
1771148881.3556118,2455,0.2207341343164444
1771148922.435971,2456,0.3343254029750824
1771148968.2974088,2457,0.4196428656578064
1771149015.311014,2458,0.3154761791229248
1771149056.172846,2459,0.44007936120033264
1771149104.3248944,2460,0.34375
1771149148.1632485,2461,0.38035714626312256
1771149192.606748,2462,0.4236111044883728
1771149219.8094032,2463,0.3055555522441864
1771149246.6367004,2464,0.4528769850730896
1771149291.1388595,2465,0.4107142984867096
1771149338.6897244,2466,0.355654776096344
1771149383.3322403,2467,0.4479166567325592
1771149428.2398489,2468,0.3769841194152832
1771149473.84311,2469,0.3571428656578064
1771149519.6018412,2470,0.4107142984867096
1771149556.8610692,2471,0.5396825671195984
1771149596.1411183,2472,0.6428571343421936
1771149638.399269,2473,0.5133928656578064
1771149678.1126726,2474,0.4598214328289032
1771149711.7370882,2475,0.3452380895614624
1771149748.5886176,2476,0.3392857015132904
1771149786.2622416,2477,0.4866071343421936
1771149815.1986263,2478,0.52182537317276
1771149853.1012857,2479,0.6111111044883728
1771149901.6652484,2480,0.7053571343421936
1771149945.6241817,2481,0.5625
1771149985.8334713,2482,0.5401785969734192
1771150028.3819256,2483,0.6160714030265808
1771150068.7078385,2484,0.5803571343421936
1771150108.304274,2485,0.636904776096344
1771150157.8362002,2486,0.5982142686843872
1771150200.8109732,2487,0.7276785969734192
1771150237.0673902,2488,0.6357142925262451
1771150276.5822916,2489,0.6964285969734192
1771150322.5229928,2490,0.4325396716594696
1771150359.253583,2491,0.625
1771150392.400221,2492,0.7142857313156128
1771150433.914796,2493,0.4508928656578064
1771150479.7747474,2494,0.7797619104385376
1771150524.152222,2495,0.7946428656578064
1771150567.1724203,2496,0.5669642686843872
1771150613.646912,2497,0.7008928656578064
1771150652.8061306,2498,0.6696428656578064
1771150686.063893,2499,0.8392857313156128
1771150782.8587253,2500,0.0
1771150818.1672623,2501,0.0
1771150858.672382,2502,0.0
1771150896.8386283,2503,0.0
1771150934.0226529,2504,0.0
1771150974.7805922,2505,0.0
1771151017.9093654,2506,0.0
1771151058.2869713,2507,0.0
1771151094.4093459,2508,0.0
1771151135.640915,2509,0.0
1771151181.6380916,2510,0.0
1771151220.940188,2511,0.0
1771151264.534864,2512,0.0
1771151309.3761935,2513,0.0
1771151347.567084,2514,0.0
1771151392.8335075,2515,0.0
1771151433.7218597,2516,0.0
1771151471.836328,2517,0.0
1771151510.4716501,2518,0.0
1771151551.1664476,2519,0.0
1771151600.7185867,2520,0.0
1771151643.2899942,2521,0.0
1771151685.755777,2522,0.0
1771151725.332667,2523,0.0
1771151771.904091,2524,0.0
1771151801.8643985,2525,0.0
1771151826.7613068,2526,0.0
1771151873.5464013,2527,0.0
1771151919.0835361,2528,0.0
1771151966.9579384,2529,0.0
1771152017.6700816,2530,0.0
1771152058.9883308,2531,0.0
1771152102.508943,2532,0.0
1771152145.7350535,2533,0.0
1771152190.6938763,2534,0.0
1771152230.9383729,2535,0.0
1771152271.837108,2536,0.0
1771152317.4706938,2537,0.0
1771152358.2557583,2538,0.0
1771152403.3047032,2539,0.0
1771152449.7774165,2540,0.0
1771152489.1956408,2541,0.0
1771152531.3816676,2542,0.0
1771152570.4910502,2543,0.0
1771152612.7160964,2544,0.0
1771152657.8813758,2545,0.0
1771152700.2317953,2546,0.0
1771152741.180031,2547,0.0
1771152774.6329427,2548,0.0
1771152795.1022978,2549,0.0
1771152842.2381291,2550,0.0
1771152887.123006,2551,0.0
1771152928.1339712,2552,0.0
1771152968.913454,2553,0.0
1771153008.6494298,2554,0.0
1771153049.3873348,2555,0.0
1771153085.4956336,2556,0.0
1771153130.8479128,2557,0.0
1771153171.1031535,2558,0.0
1771153214.894262,2559,0.0
1771153259.071286,2560,0.0
1771153302.035757,2561,0.0
1771153345.1626124,2562,0.0
1771153387.6983163,2563,0.0
1771153429.0328808,2564,0.0
1771153452.043693,2565,0.0
1771153482.9754243,2566,0.0
1771153526.5742247,2567,0.0
1771153572.5261905,2568,0.0
1771153612.2366145,2569,0.0
1771153660.0936139,2570,0.0
1771153697.5965369,2571,0.0
1771153737.7528834,2572,0.0
1771153774.4079401,2573,0.0
1771153812.3267903,2574,0.0
1771153853.343116,2575,0.0
1771153893.2641356,2576,0.0
1771153937.845171,2577,0.0
1771153977.1294823,2578,0.0
1771154009.7732835,2579,0.0
1771154054.3076992,2580,0.0
1771154086.6241794,2581,0.0
1771154119.3463311,2582,0.0
1771154161.7188573,2583,0.0
1771154203.0415304,2584,0.0
1771154245.9176717,2585,0.0
1771154285.3027668,2586,0.0
1771154329.309332,2587,0.0
1771154371.6086771,2588,0.0
1771154410.5309849,2589,0.0
1771154453.3856711,2590,0.0
1771154501.368812,2591,0.0
1771154541.0543869,2592,0.0
1771154584.9620023,2593,0.0
1771154625.8638067,2594,0.0
1771154668.6796107,2595,0.0
1771154710.8300185,2596,0.0
1771154751.0628283,2597,0.0
1771154792.6623755,2598,0.0
1771154830.694558,2599,0.0
1771154910.7507246,2600,0.0
1771154946.145186,2601,0.0
1771154982.8145792,2602,0.0
1771155022.380093,2603,0.0
1771155064.0021343,2604,0.0
1771155106.4589994,2605,0.0
1771155151.627794,2606,0.0
1771155194.6328306,2607,0.0
1771155236.0218425,2608,0.0
1771155276.5521512,2609,0.0
1771155324.7689056,2610,0.0
1771155370.2412589,2611,0.0
1771155416.6093438,2612,0.0
1771155461.0266304,2613,0.0
1771155506.5674927,2614,0.0
1771155550.2780192,2615,0.0
1771155597.2853036,2616,0.0
1771155641.1791224,2617,0.0
1771155687.0329635,2618,0.0
1771155728.5105557,2619,0.0
1771155776.0882778,2620,0.0
1771155821.230606,2621,0.0
1771155864.9361966,2622,0.0
1771155892.601828,2623,0.0
1771155920.3505363,2624,0.0
1771155964.241923,2625,0.0
1771156010.6910477,2626,0.0
1771156056.5892582,2627,0.0
1771156102.8626196,2628,0.0
1771156126.508033,2629,0.0
1771156168.0000591,2630,0.0
1771156207.2803943,2631,0.0
1771156254.3768606,2632,0.0
1771156298.427339,2633,0.0
1771156347.1929076,2634,0.0
1771156393.374888,2635,0.0
1771156415.5902905,2636,0.0
1771156448.7669897,2637,0.0
1771156493.5541892,2638,0.0
1771156542.0932734,2639,0.0
1771156594.400901,2640,0.0
1771156638.466345,2641,0.0
1771156678.6286676,2642,0.0
1771156723.7861826,2643,0.0
1771156771.256034,2644,0.0
1771156815.979238,2645,0.0
1771156837.539547,2646,0.0
1771156870.089491,2647,0.0
1771156910.123009,2648,0.0
1771156951.3906255,2649,0.0
1771156992.993165,2650,0.0
1771157033.1676493,2651,0.0
1771157068.1688964,2652,0.0
1771157107.6782851,2653,0.0
1771157142.9276373,2654,0.0
1771157180.465912,2655,0.0
1771157226.8561523,2656,0.0
1771157265.8805764,2657,0.0
1771157306.4183152,2658,0.0
1771157344.0964997,2659,0.0
1771157392.9003205,2660,0.0
1771157433.9119709,2661,0.0
1771157474.8188848,2662,0.0
1771157513.7546875,2663,0.0
1771157554.9456737,2664,0.0
1771157589.5311365,2665,0.0
1771157622.9109926,2666,0.0
1771157664.3511808,2667,0.0
1771157702.8817508,2668,0.0
1771157742.6057174,2669,0.0
1771157785.7157865,2670,0.0
1771157826.4723783,2671,0.0
1771157864.2293031,2672,0.0
1771157901.2540839,2673,0.0
1771157946.27808,2674,0.0
1771157988.8460684,2675,0.0
1771158032.7677228,2676,0.0
1771158078.4033434,2677,0.0
1771158123.084813,2678,0.0
1771158166.4975371,2679,0.0
1771158213.6455154,2680,0.0
1771158241.3427758,2681,0.0
1771158271.8305962,2682,0.0
1771158311.916134,2683,0.0
1771158354.5483022,2684,0.0
1771158402.6755123,2685,0.0
1771158457.004215,2686,0.0
1771158505.638925,2687,0.0
1771158548.143499,2688,0.0
1771158580.1450236,2689,0.0
1771158628.8048933,2690,0.0
1771158670.3771076,2691,0.0
1771158706.1451826,2692,0.0
1771158748.3742487,2693,0.0
1771158794.12865,2694,0.0
1771158834.67861,2695,0.0
1771158877.8623226,2696,0.0
1771158923.1955204,2697,0.0
1771158969.506691,2698,0.0
1771159014.7450855,2699,0.0
1771159114.3629837,2700,0.0
1771159166.702834,2701,0.0
1771159212.3229218,2702,0.0
1771159253.48165,2703,0.0
1771159288.307033,2704,0.0
1771159331.207642,2705,0.0
1771159374.6083865,2706,0.0
1771159414.4627714,2707,0.0
1771159458.4406056,2708,0.0
1771159501.2744298,2709,0.0
1771159552.9400418,2710,0.0
1771159604.8572345,2711,0.0
1771159651.0892022,2712,0.0
1771159698.1553674,2713,0.0
1771159744.041507,2714,0.0
1771159784.300259,2715,0.0
1771159828.6940367,2716,0.0
1771159877.4209864,2717,0.0
1771159920.7592676,2718,0.0
1771159948.8245583,2719,0.0
1771159983.8733776,2720,0.0
1771160021.6358693,2721,0.0
1771160065.2976298,2722,0.0
1771160109.1153882,2723,0.0
1771160155.8449004,2724,0.0
1771160195.6600695,2725,0.0
1771160209.8062217,2726,0.0
1771160250.4830418,2727,0.0
1771160297.1777694,2728,0.0
1771160343.4169962,2729,0.0
1771160399.3436182,2730,0.0
1771160443.6443188,2731,0.0
1771160488.2886975,2732,0.0
1771160522.146069,2733,0.0
1771160546.1464336,2734,0.0
1771160586.8066497,2735,0.0
1771160618.016965,2736,0.0
1771160652.7855754,2737,0.0
1771160694.2663457,2738,0.0
1771160729.7017186,2739,0.0
1771160773.9509506,2740,0.0
1771160812.7295103,2741,0.0
1771160850.8685787,2742,0.0
1771160890.546505,2743,0.0
1771160932.2813175,2744,0.0
1771160978.2188559,2745,0.0
1771161020.6968577,2746,0.0
1771161060.9367085,2747,0.0
1771161101.924008,2748,0.0
1771161141.3755436,2749,0.0
1771161181.8205578,2750,0.0
1771161224.9411998,2751,0.0
1771161272.4251528,2752,0.0
1771161314.0023913,2753,0.0
1771161349.1742778,2754,0.0
1771161378.745419,2755,0.0
1771161419.6373887,2756,0.0
1771161462.1356497,2757,0.0
1771161505.9555738,2758,0.0
1771161552.6839926,2759,0.0
1771161599.479253,2760,0.0
1771161646.0558856,2761,0.0
1771161684.8747137,2762,0.0
1771161726.6505072,2763,0.0
1771161760.6633472,2764,0.0
1771161794.6026058,2765,0.0
1771161830.2520459,2766,0.0
1771161871.5372384,2767,0.0
1771161915.0611918,2768,0.0
1771161959.1552026,2769,0.0
1771162006.0298367,2770,0.0
1771162050.9377472,2771,0.0
1771162096.1442497,2772,0.0
1771162143.532621,2773,0.0
1771162192.2962315,2774,0.0
1771162235.2590585,2775,0.0
1771162271.9973314,2776,0.0
1771162302.180965,2777,0.0
1771162313.7518487,2778,0.0
1771162342.817493,2779,0.0
1771162378.5582864,2780,0.0
1771162406.2148318,2781,0.0
1771162434.819225,2782,0.0
1771162463.6707478,2783,0.0
1771162483.7276824,2784,0.0
1771162509.2779853,2785,0.0
1771162522.9714642,2786,0.0
1771162537.4557347,2787,0.0
1771162555.1414263,2788,0.0
1771162574.9647048,2789,0.0
1771162598.6285484,2790,0.0
1771162620.6492233,2791,0.0
1771162639.7094457,2792,0.0
1771162653.2376876,2793,0.0
1771162671.4384873,2794,0.0
1771162685.7560582,2795,0.0
1771162699.772806,2796,0.0
1771162712.4370062,2797,0.0
1771162724.3978572,2798,0.0
1771162736.9016502,2799,0.0
